date,PM10,PM25,SO2,NO2,O3
2020-01-01,20.48,15.73,19.71,36.37,64.26
2020-01-02,77.82,68.6,15.17,62.94,34.55
2020-01-03,60.62,54.66,14.33,54.66,40.25
2020-01-04,9.73,6.76,4.26,14.91,67.12
2020-01-05,13.55,10.24,5.34,49.86,71.36
2020-01-06,19.06,16.19,6.04,37.43,48.87
2020-01-07,26.28,22.9,8.81,54.44,49.26
2020-01-08,22.16,18.39,7.48,52.85,29.07
2020-01-09,19.91,16.6,6.9,40.82,29.48
2020-01-10,25.94,20.38,5.07,38.37,37.07
2020-01-11,7.46,6.05,4.31,21.4,51.64
2020-01-12,21.41,17.44,9.78,37.93,48.22
2020-01-13,27.07,22.02,8.46,53.22,44.59
2020-01-14,32.21,26.45,6.93,43.31,28.26
2020-01-15,31.25,23.43,8.18,43.36,32.87
2020-01-16,41.74,32.05,9.58,76.89,38.07
2020-01-17,94.68,87.35,30.48,60.37,39.1
2020-01-18,30.93,26.92,7.21,41.29,41.52
2020-01-19,29.42,26.0,5.91,36.55,39.46
2020-01-20,29.4,21.93,6.08,64.44,45.34
2020-01-21,35.12,28.6,7.38,56.72,37.84
2020-01-22,24.22,21.06,6.78,36.22,32.72
2020-01-23,26.48,22.36,7.32,54.17,42.43
2020-01-24,61.06,53.75,11.58,64.41,37.87
2020-01-25,50.99,47.13,7.88,43.28,32.35
2020-01-26,91.72,86.09,15.8,45.29,37.18
2020-01-27,60.55,51.21,13.99,55.19,28.26
2020-01-28,25.36,19.54,6.33,43.53,52.02
2020-01-29,9.02,5.26,3.8,32.42,64.37
2020-01-30,10.73,7.72,4.59,46.42,62.3
2020-01-31,9.86,6.91,4.48,38.58,68.0
2020-02-01,8.92,5.8,4.78,29.55,57.03
2020-02-02,7.74,5.87,3.06,35.07,78.78
2020-02-03,6.59,5.04,8.5,49.76,59.12
2020-02-04,8.22,6.44,2.28,65.58,66.55
2020-02-05,10.93,7.56,5.2,51.32,69.04
2020-02-06,20.62,13.95,4.44,27.07,54.52
2020-02-07,17.72,14.94,5.31,38.71,55.95
2020-02-08,47.72,42.29,12.17,43.47,54.62
2020-02-09,32.17,27.44,7.75,38.99,73.7
2020-02-10,9.43,5.98,2.35,28.3,85.53
2020-02-11,7.97,3.99,5.26,17.61,79.87
2020-02-12,9.92,4.66,1.87,65.79,78.89
2020-02-13,16.6,11.11,6.64,42.41,69.53
2020-02-14,17.13,13.31,4.48,35.52,56.61
2020-02-15,26.68,23.34,5.91,44.27,58.73
2020-02-16,14.38,11.16,5.59,22.09,75.17
2020-02-17,15.51,8.78,12.28,54.28,80.28
2020-02-18,11.83,5.51,3.6,32.09,74.06
2020-02-19,11.11,7.02,4.24,35.93,61.58
2020-02-20,12.41,12.85,4.305,65.75,64.88
2020-02-21,13.71,8.57,4.37,34.78,73.77
2020-02-22,14.25,9.4,4.92,27.79,69.36
2020-02-23,5.66,4.33,3.86,29.37,82.0
2020-02-24,11.87,7.01,5.88,55.33,83.41
2020-02-25,9.76,6.31,3.92,38.35,58.26
2020-02-26,9.12,5.86,3.33,33.81,71.94
2020-02-27,14.04,11.69,9.05,70.84,67.35
2020-02-28,19.35,16.76,5.38,38.78,65.44
2020-02-29,16.67,11.28,13.13,29.72,70.86
2020-03-01,13.8,9.07,11.6,40.5,79.42
2020-03-02,26.04,19.31,8.31,68.52,59.98
2020-03-03,27.07,22.37,11.15,52.05,49.54
2020-03-04,20.24,13.96,7.09,72.04,75.26
2020-03-05,27.74,21.41,17.68,51.39,72.19
2020-03-06,20.01,15.09,17.53,68.8,71.09
2020-03-07,11.83,10.68,3.85,16.65,64.78
2020-03-08,21.76,18.67,7.17,47.32,89.51
2020-03-09,27.88,22.24,12.44,42.16,74.06
2020-03-10,19.12,12.93,6.93,46.57,69.76
2020-03-11,9.49,5.32,4.87,44.53,80.07
2020-03-12,11.57,6.27,4.69,24.48,73.69
2020-03-13,11.24,5.57,5.39,33.73,80.91
2020-03-14,12.35,9.42,6.82,61.83,86.48
2020-03-15,30.02,26.45,12.95,37.2,86.9
2020-03-16,23.69,12.67,10.17,57.68,77.65
2020-03-17,50.21,36.61,13.32,88.19,83.32
2020-03-18,40.38,29.62,9.5,46.19,92.33
2020-03-19,48.88,36.11,8.6,67.62,68.96
2020-03-20,39.53,32.99,7.23,32.84,47.72
2020-03-21,11.77,8.37,4.13,20.75,72.8
2020-03-22,13.92,10.53,6.29,51.39,76.13
2020-03-23,18.3,14.31,8.03,35.57,78.18
2020-03-24,30.88,23.52,9.55,43.49,89.85
2020-03-25,34.96,23.9,9.25,37.24,100.83
2020-03-26,40.49,29.65,15.78,64.35,91.27
2020-03-27,64.54,44.55,54.84,56.42,95.04
2020-03-28,57.24,42.76,18.77,48.55,118.28
2020-03-29,37.63,31.06,5.82,12.83,92.58
2020-03-30,8.71,4.97,6.81,23.13,78.57
2020-03-31,14.65,10.81,4.75,45.84,70.85
2020-04-01,28.2,20.79,8.71,53.36,88.24
2020-04-02,39.04,28.27,8.99,88.58,104.64
2020-04-03,31.05,19.75,8.02,25.89,97.54
2020-04-04,31.21,23.33,10.69,53.36,102.51
2020-04-05,39.92,33.11,10.81,46.05,112.98
2020-04-06,35.11,22.45,19.21,40.12,122.91
2020-04-07,42.56,20.71,7.72,98.18,131.18
2020-04-08,30.98,15.92,22.98,66.86,123.13
2020-04-09,39.55,21.53,9.1,60.34,133.56
2020-04-10,15.71,7.98,6.34,71.86,98.28
2020-04-11,31.04,20.71,9.13,65.01,110.08
2020-04-12,22.98,16.02,17.11,21.86,117.47
2020-04-13,14.3,8.26,7.43,15.86,105.06
2020-04-14,9.64,4.86,5.31,21.29,90.92
2020-04-15,20.96,9.61,11.95,20.85,102.24
2020-04-16,27.42,13.03,9.34,56.38,120.01
2020-04-17,25.22,14.58,7.14,56.52,108.24
2020-04-18,24.72,13.26,14.32,62.8,124.06
2020-04-19,17.53,9.3,8.94,33.38,103.78
2020-04-20,16.11,8.48,6.98,24.44,105.77
2020-04-21,25.07,11.25,7.27,29.49,110.5
2020-04-22,31.19,17.43,12.86,55.06,117.33
2020-04-23,36.84,17.46,20.56,72.84,124.45
2020-04-24,40.68,19.04,7.85,66.8,141.39
2020-04-25,18.34,10.48,6.81,17.83,131.75
2020-04-26,12.89,8.56,6.55,25.75,107.24
2020-04-27,20.36,10.91,10.17,32.34,119.57
2020-04-28,18.2075,14.37,5.38,97.38,133.16
2020-04-29,16.055,26.13,0.42,97.98,97.79
2020-04-30,13.9025,22.14,4.51,55.78,98.03
2020-05-01,11.75,8.86,4.78,32.35,83.36
2020-05-02,9.28,6.45,4.05,24.18,88.3
2020-05-03,9.51,7.21,3.21,35.71,87.48
2020-05-04,17.44,12.38,4.73,100.61,90.5
2020-05-05,8.36,5.3,3.12,17.9,94.82
2020-05-06,8.56,5.01,2.99,27.91,90.98
2020-05-07,13.73,8.56,3.4,33.01,94.94
2020-05-08,26.77,17.82,5.19,85.26,120.86
2020-05-09,23.48,16.59,5.27,62.96,148.05
2020-05-10,18.85,13.86,7.66,34.68,116.35
2020-05-11,17.54,12.89,3.31,44.79,93.08
2020-05-12,6.48,3.45,3.17,25.02,78.95
2020-05-13,14.8,8.91,14.03,32.64,88.73
2020-05-14,17.79,14.43,3.5,36.72,100.02
2020-05-15,15.26,11.34,5.29,43.66,98.3
2020-05-16,13.06,7.3,5.99,43.55,105.98
2020-05-17,16.55,12.17,6.65,37.7,110.14
2020-05-18,13.27,6.72,4.34,81.71,109.92
2020-05-19,18.96,10.36,5.27,44.35,120.7
2020-05-20,11.89,7.42,3.12,47.12,104.25
2020-05-21,12.88,6.95,4.09,44.0,101.52
2020-05-22,17.0,8.17,7.49,41.06,112.59
2020-05-23,14.86,10.76,11.3,30.48,98.62
2020-05-24,10.1,5.22,3.63,14.94,84.41
2020-05-25,6.95,4.38,3.52,18.79,77.27
2020-05-26,12.49,8.55,2.94,54.24,73.72
2020-05-27,17.09,12.23,3.95,84.75,104.29
2020-05-28,14.98,9.17,4.03,59.05,60.06
2020-05-29,10.22,4.23,3.14,27.31,91.23
2020-05-30,11.88,4.6,3.01,21.39,83.22
2020-05-31,13.61,5.82,3.89,26.13,84.39
2020-06-01,18.95,5.92,3.23,49.11,102.82
2020-06-02,10.41,4.64,2.99,35.64,74.04
2020-06-03,15.11,7.68,79.04,42.58,105.79
2020-06-04,18.2,9.14,6.05,28.27,126.0
2020-06-05,12.85,9.29,3.57,33.24,87.63
2020-06-06,7.59,3.66,4.0,25.1,70.78
2020-06-07,8.06,5.31,3.11,17.57,64.83
2020-06-08,9.14,5.13,2.66,43.67,74.06
2020-06-09,10.44,5.82,3.06,19.62,101.11
2020-06-10,16.24,11.07,3.38,35.18,93.69
2020-06-11,25.23,20.55,6.62,32.92,101.18
2020-06-12,20.49,13.57,4.56,36.46,119.44
2020-06-13,28.8,16.92,2.8,33.58,95.13
2020-06-14,16.29,9.14,2.84,22.78,97.68
2020-06-15,13.7,7.41,10.69,22.73,99.08
2020-06-16,12.37,6.03,5.9,70.62,100.2
2020-06-17,17.43,8.99,4.57,64.97,124.72
2020-06-18,19.96,13.42,2.91,28.07,112.04
2020-06-19,15.37,11.37,2.62,20.27,88.12
2020-06-20,8.81,5.6,2.4,52.51,71.42
2020-06-21,8.17,5.11,2.42,8.38,69.69
2020-06-22,17.88,8.06,2.64,26.61,89.76
2020-06-23,10.96,4.94,2.93,31.82,85.72
2020-06-24,11.64,7.59,2.6,25.26,46.39
2020-06-25,17.18,11.21,4.08,30.94,100.02
2020-06-26,18.31,11.15,3.95,24.03,97.87
2020-06-27,20.56,10.67,14.17,21.43,118.67
2020-06-28,15.19,8.02,3.14,42.81,109.36
2020-06-29,13.81,7.84,45.29,36.44,57.58
2020-06-30,16.22,6.0,6.13,25.17,100.77
2020-07-01,12.83,4.95,9.31,28.46,89.32
2020-07-02,10.53,5.35,4.01,26.19,78.32
2020-07-03,12.96,7.09,2.55,29.31,85.87
2020-07-04,15.2,8.2,12.02,108.33,103.8
2020-07-05,11.03,5.0,12.65,21.41,94.35
2020-07-06,14.98,4.84,3.06,24.03,85.56
2020-07-07,12.91,5.11,4.02,31.3,81.27
2020-07-08,12.28,5.96,4.78,23.17,68.03
2020-07-09,15.87,8.98,5.47,28.75,74.27
2020-07-10,18.0,6.95,6.17,33.88,101.13
2020-07-11,6.83,3.41,2.7,18.93,88.42
2020-07-12,9.15,5.83,2.98,37.15,69.97
2020-07-13,8.13,3.51,3.32,28.56,70.54
2020-07-14,11.49,4.84,19.38,29.23,93.03
2020-07-15,17.35,7.92,12.53,24.36,104.37
2020-07-16,9.52,5.66,3.15,29.21,86.58
2020-07-17,9.79,5.11,3.35,38.96,69.96
2020-07-18,15.89,10.24,2.94,57.86,100.57
2020-07-19,19.08,13.21,3.89,40.55,106.02
2020-07-20,17.82,10.54,34.6,37.81,92.28
2020-07-21,15.02,7.39,3.27,34.47,88.89
2020-07-22,9.58,4.11,3.4,62.19,86.7
2020-07-23,14.46,6.18,3.3,58.25,95.06
2020-07-24,20.8,10.96,24.67,48.09,118.79
2020-07-25,16.6,9.45,13.97,46.23,107.18
2020-07-26,17.96,10.0,3.4,31.1,93.45
2020-07-27,9.83,4.92,11.52,63.82,89.8
2020-07-28,19.22,6.94,23.52,29.92,99.98
2020-07-29,16.37,6.92,3.08,60.15,97.64
2020-07-30,18.79,7.62,4.09,57.7,105.62
2020-07-31,17.36,5.94,7.66,71.37,88.53
2020-08-01,13.82,6.48,3.65,45.05,83.58
2020-08-02,19.76,10.41,7.58,117.11,89.71
2020-08-03,10.1,6.23,2.79,31.71,99.21
2020-08-04,10.16,5.5,2.65,17.41,37.6
2020-08-05,12.64,5.01,3.48,50.03,78.02
2020-08-06,14.65,7.67,9.06,38.29,95.85
2020-08-07,33.17,19.93,5.6,50.38,127.01
2020-08-08,37.63,23.94,4.45,51.91,129.31
2020-08-09,32.85,22.04,3.71,55.89,122.72
2020-08-10,26.69,15.42,3.74,45.3,109.43
2020-08-11,23.0,12.45,3.19,77.36,103.97
2020-08-12,22.06,8.65,3.99,29.9,114.43
2020-08-13,26.42,11.48,7.24,62.89,147.36
2020-08-14,27.15,14.33,3.79,29.7,124.99
2020-08-15,21.87,13.92,4.99,16.08,106.16
2020-08-16,21.11,11.49,4.46,18.16,106.92
2020-08-17,20.5,11.29,7.38,57.79,132.89
2020-08-18,17.05,11.6,3.97,21.58,106.38
2020-08-19,20.1,13.99,4.47,66.39,96.81
2020-08-20,18.17,10.87,7.95,34.14,119.85
2020-08-21,19.21,10.08,3.37,30.67,119.69
2020-08-22,14.94,7.78,3.05,24.09,91.62
2020-08-23,10.34,5.31,5.18,21.84,88.28
2020-08-24,10.22,4.14,6.62,49.29,79.97
2020-08-25,12.64,5.38,8.18,38.1,91.75
2020-08-26,18.65,6.11,3.39,66.68,79.11
2020-08-27,15.31,4.09,68.14,68.34,75.56
2020-08-28,15.98,5.49,4.18,37.68,88.14
2020-08-29,8.38,4.7,3.31,31.83,73.46
2020-08-30,10.69,7.61,3.01,25.0,48.2
2020-08-31,8.77,4.97,3.22,53.17,71.96
2020-09-01,10.79,7.02,25.68,21.41,41.07
2020-09-02,8.31,3.76,5.88,46.3,65.91
2020-09-03,12.08,8.07,5.31,64.89,80.12
2020-09-04,17.29,8.37,4.21,60.85,46.81
2020-09-05,14.56,8.67,3.57,46.82,68.88
2020-09-06,11.66,7.03,3.71,53.38,69.85
2020-09-07,13.02,7.22,4.83,69.75,69.5
2020-09-08,17.75,8.42,4.31,44.85,90.84
2020-09-09,21.89,10.32,5.73,55.09,101.84
2020-09-10,11.46,5.91,6.58,63.28,83.86
2020-09-11,17.77,9.53,6.96,41.65,76.84
2020-09-12,17.03,9.74,3.97,45.7,76.58
2020-09-13,20.4,12.36,4.94,87.91,102.99
2020-09-14,28.3,15.96,6.4,69.42,111.42
2020-09-15,32.84,23.0,11.4,38.73,110.93
2020-09-16,34.13,19.84,7.62,39.02,106.28
2020-09-17,18.59,8.22,4.2,63.1,81.71
2020-09-18,15.75,6.36,6.35,61.43,64.24
2020-09-19,22.1,11.77,10.56,44.66,81.61
2020-09-20,21.75,12.91,6.1,37.65,83.41
2020-09-21,28.39,14.32,7.57,69.6,97.13
2020-09-22,39.12,17.84,7.3,34.12,100.63
2020-09-23,32.1,14.18,5.49,44.59,92.72
2020-09-24,27.05,15.36,4.84,60.61,89.8
2020-09-25,17.36,10.76,6.02,42.87,52.64
2020-09-26,7.75,5.56,3.79,30.27,38.5
2020-09-27,5.69,3.76,4.12,22.7,44.7
2020-09-28,13.15,10.01,14.12,38.67,29.54
2020-09-29,24.74,20.26,3.36,35.23,16.05
2020-09-30,22.94,17.16,3.13,19.96,45.49
2020-10-01,33.09,19.33,3.04,25.31,33.24
2020-10-02,19.41,14.12,4.26,21.54,35.1
2020-10-03,18.34,10.58,7.28,18.02,75.2
2020-10-04,9.22,5.06,5.11,31.29,67.88
2020-10-05,9.373333333333333,5.1466666666666665,4.45,37.53,57.67666666666666
2020-10-06,9.526666666666667,5.233333333333333,3.79,43.769999999999996,47.47333333333333
2020-10-07,9.68,5.32,3.13,50.01,37.27
2020-10-08,12.91,7.25,4.38,40.01,44.38
2020-10-09,12.3,7.04,3.89,40.57,40.74
2020-10-10,15.13,10.76,3.2,26.96,32.25
2020-10-11,19.68,13.6,8.38,59.79,53.46
2020-10-12,10.24,7.1,3.21,48.57,51.71
2020-10-13,19.03,15.9,2.9,28.7,42.75
2020-10-14,9.41,7.61,13.18,27.68,52.68
2020-10-15,20.91,16.78,3.45,29.44,21.44
2020-10-16,23.99,20.23,4.07,29.28,27.04
2020-10-17,14.97,12.52,2.68,17.89,31.94
2020-10-18,10.89,8.75,3.95,10.97,51.62
2020-10-19,18.66,14.45,5.31,52.92,49.05
2020-10-20,25.35,18.99,10.59,31.49,55.5
2020-10-21,23.12,15.44,5.55,49.78,60.9
2020-10-22,31.39,17.17,4.69,58.47,46.35
2020-10-23,33.68,18.2,4.19,58.8,49.31
2020-10-24,24.05,17.01,4.31,54.95,50.78
2020-10-25,33.3,28.7,12.84,29.97,35.76
2020-10-26,23.31,17.55,12.96,50.12,36.38
2020-10-27,18.83,11.7,5.22,40.4,32.17
2020-10-28,14.56,9.12,4.66,36.85,42.69
2020-10-29,15.47,8.38,4.51,30.7,39.67
2020-10-30,12.45,8.43,4.2,37.4,34.62
2020-10-31,15.0,11.86,8.64,26.69,38.06
2020-11-01,33.25,29.46,6.71,28.39,23.82
2020-11-02,16.67,10.86,4.6,30.41,12.5
2020-11-03,24.32,14.77,6.09,57.4,40.54
2020-11-04,27.53,19.11,5.29,46.24,35.32
2020-11-05,21.84,13.41,8.16,42.09,43.89
2020-11-06,19.8,13.99,6.79,30.36,39.24
2020-11-07,41.95,36.75,9.24,38.13,32.16
2020-11-08,43.37,38.91,5.73,46.02,20.07
2020-11-09,38.71,35.79,8.09,28.19,19.31
2020-11-10,43.39,39.05,10.57,41.49,23.16
2020-11-11,31.26,27.77,7.09,27.82,25.76
2020-11-12,32.3,24.47,7.31,40.95,23.1
2020-11-13,40.59,29.49,7.0,52.79,26.0
2020-11-14,42.06,33.02,6.86,36.66,10.52
2020-11-15,24.79,20.62,4.88,27.92,41.94
2020-11-16,24.5,15.96,7.69,44.2,33.54
2020-11-17,21.5,14.72,6.05,53.98,25.85
2020-11-18,22.37,15.53,5.96,41.61,35.12
2020-11-19,16.94,10.33,4.56,42.4,45.29
2020-11-20,19.634,12.39,4.28,50.23,56.49
2020-11-21,22.328000000000003,23.79,7.7875,58.51,44.32
2020-11-22,25.022000000000002,15.66,11.294999999999998,51.66,53.32
2020-11-23,21.68,13.83,14.802499999999998,67.26,39.15
2020-11-24,30.41,19.91,18.31,58.42,42.16
2020-11-25,54.45,44.19,13.88,57.36,19.88
2020-11-26,63.37,50.05,11.48,42.86,16.3
2020-11-27,36.87,32.95,7.73,36.53,17.93
2020-11-28,21.93,18.86,5.83,33.52,36.35
2020-11-29,16.53,15.43,4.53,19.85,34.26
2020-11-30,25.1,22.09,9.34,53.83,23.83
2020-12-01,35.94,30.3,10.54,43.79,27.07
2020-12-02,70.62,64.87,25.82,54.95,19.21
2020-12-03,79.86,74.28,28.18,48.64,14.17
2020-12-04,36.49,33.15,31.91,46.02,33.83
2020-12-05,19.92,16.0,17.61,32.38,55.15
2020-12-06,18.9,16.17,6.81,18.34,59.56
2020-12-07,30.65,25.25,11.74,44.47,44.68
2020-12-08,46.76,41.87,10.13,41.89,15.41
2020-12-09,39.72,36.95,10.59,28.55,21.64
2020-12-10,36.71,33.43,9.75,24.28,24.56
2020-12-11,49.22,44.97,22.73,41.33,11.61
2020-12-12,59.35,56.07,15.11,37.99,8.16
2020-12-13,85.13,80.61,12.89,34.27,7.73
2020-12-14,54.31,48.45,11.4,42.3,14.88
2020-12-15,45.06,39.58,8.82,56.03,12.64
2020-12-16,40.66,34.01,10.8,69.54,9.14
2020-12-17,42.77,38.02,15.68,37.61,14.75
2020-12-18,30.83,25.1,7.89,50.75,14.27
2020-12-19,32.75,29.61,9.85,36.03,18.81
2020-12-20,30.12,28.15,9.87,30.22,23.33
2020-12-21,36.76,30.74,11.25,48.07,13.21
2020-12-22,15.72,13.5,8.4,68.86,17.3
2020-12-23,19.78,16.57,7.92,49.76,32.97
2020-12-24,8.41,6.2,4.76,23.18,53.81
2020-12-25,4.96,4.57,3.27,46.46,56.41
2020-12-26,10.79,7.56,5.85,23.94,63.02
2020-12-27,15.0,12.3,10.76,18.03,58.78
2020-12-28,17.22,13.81,8.53,36.29,40.3
2020-12-29,14.01,10.03,11.94,97.28,57.4
2020-12-30,55.27,46.27,10.48,71.88,30.01
2020-12-31,55.87,52.3,11.65,49.65,20.63
2021-01-01,46.9,43.64,23.28,35.37,22.08
2021-01-02,63.06,58.51,12.04,31.88,7.26
2021-01-03,62.38,58.35,7.07,24.98,15.85
2021-01-04,65.95,60.76,7.63,22.64,9.78
2021-01-05,21.76,20.24,4.81,24.7,17.29
2021-01-06,26.89,24.0,9.94,34.68,21.26
2021-01-07,17.54,15.15,6.59,34.4,28.76
2021-01-08,22.88,19.05,9.35,46.68,29.19
2021-01-09,18.64,16.63,17.24,26.05,24.53
2021-01-10,19.13,17.5,7.0,23.77,22.56
2021-01-11,33.49,28.68,8.69,40.15,19.04
2021-01-12,21.76,15.55,7.94,54.83,39.86
2021-01-13,11.53,8.32,39.06,59.13,64.3
2021-01-14,16.28,14.55,5.55,28.13,55.01
2021-01-15,17.568,15.296000000000001,7.164,33.78,52.542
2021-01-16,18.856,16.042,8.778,39.43,50.074
2021-01-17,20.144,16.788,10.392,45.08,47.606
2021-01-18,32.25,28.615000000000002,8.11,42.019999999999996,38.62
2021-01-19,22.72,18.28,13.62,56.38,42.67
2021-01-20,20.09,14.28,12.23,66.78,49.86
2021-01-21,28.24,22.3,12.14,64.62,55.54
2021-01-22,22.62,16.62,9.03,47.93,56.25
2021-01-23,21.47,17.96,9.58,47.5,56.62
2021-01-24,16.11,15.36,8.94,31.41,59.11
2021-01-25,14.5,12.59,6.18,43.63,49.46
2021-01-26,26.1,19.38,12.71,58.87,47.87
2021-01-27,21.85,16.51,39.15,57.87,49.35
2021-01-28,31.71,22.98,8.27,65.32,33.34
2021-01-29,20.44,15.38,11.03,44.62,50.72
2021-01-30,26.75,24.66,6.33,47.43,52.09
2021-01-31,43.99,40.64,9.36,49.32,62.44
2021-02-01,73.45,69.04,52.78,74.79,56.29
2021-02-02,56.96,50.46,23.38,68.53,40.85
2021-02-03,20.06,15.79,8.43,79.38,30.73
2021-02-04,14.62,12.64,5.16,46.95,61.39
2021-02-05,31.6,27.66,7.48,22.38,51.11
2021-02-06,26.26,21.64,20.51,16.86,60.21
2021-02-07,34.39,19.44,16.0,8.79,62.46
2021-02-08,32.33,25.16,9.88,40.39,59.87
2021-02-09,56.26,49.39,11.0,50.1,52.3
2021-02-10,54.35,48.82,10.23,38.42,58.15
2021-02-11,37.95,34.62,7.65,55.55,64.29
2021-02-12,33.29,28.91,8.66,60.6,69.56
2021-02-13,18.63,16.37,6.81,20.55,78.16
2021-02-14,21.18,19.23,8.99,36.61,78.04
2021-02-15,50.28,43.62,24.95,67.87,61.28
2021-02-16,53.47,46.43,18.66,85.22,63.94
2021-02-17,32.42,27.69,9.7,82.93,38.66
2021-02-18,35.46,26.22,12.9,71.53,49.76
2021-02-19,41.48,32.82,20.26,107.18,37.59
2021-02-20,46.25,39.25,10.22,50.01,60.02
2021-02-21,32.35,28.05,6.92,33.66,59.42
2021-02-22,45.0,35.81,13.2,97.5,29.14
2021-02-23,90.46,51.45,11.91,92.05,13.91
2021-02-24,98.04,58.01,13.46,76.12,35.48
2021-02-25,111.66,59.9,25.14,74.31,35.8
2021-02-26,60.71,41.38,12.13,80.75,49.084999999999994
2021-02-27,14.16,11.16,5.03,11.08,62.37
2021-02-28,16.06,13.25,5.21,17.84,66.23
2021-03-01,27.56,20.8,52.2,35.2,50.01
2021-03-02,52.92,36.74,8.56,81.29,31.89
2021-03-03,76.3,61.27,8.91,75.4,44.57
2021-03-04,51.98,38.91,15.64,42.64,40.98
2021-03-05,16.58,12.04,5.89,39.42,67.25
2021-03-06,24.19,16.17,9.75,39.8,63.82
2021-03-07,16.94,12.84,8.03,9.98,71.97
2021-03-08,26.03,15.17,11.13,81.52,70.96
2021-03-09,48.5,36.85,22.51,81.82,63.43
2021-03-10,66.83,54.77,12.39,62.56,65.54
2021-03-11,44.3,34.94,8.41,43.1,54.17
2021-03-12,16.5,10.62,6.78,62.76,57.85
2021-03-13,13.2,7.66,7.5,20.87,72.81
2021-03-14,9.66,6.68,5.66,14.76,78.08
2021-03-15,17.03,12.33,6.04,49.12,60.85
2021-03-16,9.8,8.55,4.8,29.43,48.6
2021-03-17,20.55,16.07,5.43,46.43,50.82
2021-03-18,27.8,22.2,6.37,61.99,61.1
2021-03-19,28.11,23.97,5.06,41.92,54.8
2021-03-20,16.8,12.26,4.69,25.43,59.99
2021-03-21,14.97,12.67,5.44,13.97,55.22
2021-03-22,20.27,12.42,7.02,70.46,69.55
2021-03-23,19.02,13.97,9.5,50.04,53.15
2021-03-24,37.9,25.73,7.59,61.04,51.42
2021-03-25,63.59,47.47,12.56,95.33,77.76
2021-03-26,69.95,53.48,9.24,95.96,88.79
2021-03-27,33.54,23.96,8.02,62.05,78.99
2021-03-28,15.31,10.9,6.79,51.15,89.85
2021-03-29,25.78,15.58,9.24,74.53,62.25
2021-03-30,32.25,17.64,9.96,91.01,70.41
2021-03-31,39.44,32.39,11.71,130.63,87.42
2021-04-01,46.63,24.64,40.01,75.83,91.19
2021-04-02,17.48,13.7,5.84,80.67,75.34
2021-04-03,11.35,9.09,4.22,8.79,76.81
2021-04-04,12.37,9.93,5.49,22.28,90.49
2021-04-05,16.72,11.94,9.03,26.74,89.98
2021-04-06,13.17,7.37,5.54,60.83,84.22
2021-04-07,12.82,8.58,6.21,47.94,68.75
2021-04-08,12.84,8.51,6.65,40.03,62.65
2021-04-09,26.17,16.08,8.48,108.43,64.06
2021-04-10,39.76,27.95,8.24,49.67,72.7
2021-04-11,33.16,24.19,9.92,40.83,104.56
2021-04-12,13.45,9.9,6.91,26.34,76.87
2021-04-13,12.48,8.56,5.87,49.14,81.11
2021-04-14,14.54,9.33,5.56,17.23,76.55
2021-04-15,6.79,5.74,4.81,14.16,70.53
2021-04-16,11.18,9.58,4.89,28.02,71.23
2021-04-17,18.27,15.08,5.52,31.44,64.8
2021-04-18,31.93,26.5,7.85,51.64,63.04
2021-04-19,33.74,26.96,8.82,62.15,76.07
2021-04-20,28.47,20.95,6.36,48.46,88.91
2021-04-21,30.0,18.3,13.18,77.39,104.2
2021-04-22,19.39,10.86,7.47,22.03,83.67
2021-04-23,15.51,9.54,5.86,19.31,85.58
2021-04-24,19.15,11.5,10.04,20.12,96.04
2021-04-25,11.85,7.84,6.68,54.34,93.28
2021-04-26,14.48,8.36,87.16,34.72,89.63
2021-04-27,30.81,19.96,11.36,50.02,93.32
2021-04-28,32.25,19.64,12.82,28.18,122.74
2021-04-29,34.08,20.39,8.53,49.53,102.93
2021-04-30,19.53,13.31,7.49,26.06,105.41
2021-05-01,24.2,21.14,4.8,17.85,86.04
2021-05-02,15.38,13.66,4.39,86.26,89.4
2021-05-03,11.1,7.8,9.94,28.98,93.45
2021-05-04,15.91,9.29,5.35,25.52,100.26
2021-05-05,13.27,5.86,66.64,31.8,96.44
2021-05-06,14.17,7.22,7.11,31.81,90.89
2021-05-07,9.17,6.43,4.74,31.48,79.27
2021-05-08,14.84,11.09,10.51,38.53,101.34
2021-05-09,17.69,12.36,7.16,27.98,110.31
2021-05-10,20.29,8.73,7.83,36.87,113.75
2021-05-11,23.7,9.6,10.04,19.82,120.23
2021-05-12,23.73,14.42,6.76,17.46,113.64
2021-05-13,20.07,14.24,4.42,16.98,72.96
2021-05-14,11.43,6.99,3.6,42.49,76.2
2021-05-15,14.91,9.05,5.84,43.24,93.4
2021-05-16,8.12,5.48,3.99,23.69,83.6
2021-05-17,9.94,5.69,4.04,71.03,74.81
2021-05-18,9.22,4.92,5.04,16.98,79.84
2021-05-19,10.4,6.86,3.82,24.61,88.95
2021-05-20,12.84,7.87,4.24,31.55,93.39
2021-05-21,15.87,7.32,4.86,28.59,86.77
2021-05-22,9.63,4.97,3.62,19.78,87.47
2021-05-23,9.04,5.75,4.82,18.38,85.54
2021-05-24,12.48,6.69,6.64,22.62,88.08
2021-05-25,10.85,5.63,4.06,67.07,77.92
2021-05-26,11.36,5.04,4.83,24.16,79.38
2021-05-27,10.06,5.13,3.82,18.63,84.98
2021-05-28,10.46,6.7,4.34,24.73,76.67
2021-05-29,11.56,8.06,6.46,9.28,72.15
2021-05-30,10.61,7.45,3.55,24.28,78.04
2021-05-31,14.35,8.05,3.82,68.71,94.81
2021-06-01,20.5,10.98,21.64,61.83,104.63
2021-06-02,20.63,11.96,6.7,28.48,114.9
2021-06-03,20.904999999999998,12.347000000000001,6.533,33.311,111.809
2021-06-04,21.18,12.734,6.3660000000000005,38.142,108.718
2021-06-05,21.455,13.121,6.199,42.973,105.62700000000001
2021-06-06,19.189999999999998,11.27,7.62,33.6,105.49
2021-06-07,15.85,8.24,5.29,25.1,70.78
2021-06-08,15.5,9.9,7.0,17.88,96.5
2021-06-09,18.25,11.45,5.71,27.91,85.01
2021-06-10,14.83,9.76,6.9,25.1,101.11
2021-06-11,18.56,11.07,7.1,35.18,97.91
2021-06-12,23.38,15.83,5.03,76.79,83.99
2021-06-13,11.32,6.43,3.75,6.87,64.32
2021-06-14,15.32,10.04,17.94,24.18,94.56
2021-06-15,22.1,12.37,14.55,60.17,115.32
2021-06-16,24.97,16.87,3.94,28.72,128.11
2021-06-17,25.69,17.01,6.24,79.48,149.15
2021-06-18,26.81,16.74,6.7,31.77,146.78
2021-06-19,30.43,20.2,11.62,52.25,146.85
2021-06-20,23.65,15.08,5.19,14.12,149.93
2021-06-21,26.07,14.11,5.93,34.63,123.99
2021-06-22,26.3,15.52,3.7,29.84,69.61
2021-06-23,18.97,11.91,3.69,17.58,72.64
2021-06-24,15.16,10.49,3.67,87.11,80.38
2021-06-25,13.51,9.52,3.81,19.54,68.05
2021-06-26,18.69,12.58,4.13,40.25,80.48
2021-06-27,18.34,12.7,5.23,42.18,115.0
2021-06-28,21.87,13.46,4.61,55.18,125.2
2021-06-29,22.5,14.33,93.46,39.7,135.21
2021-06-30,13.69,7.17,4.74,18.09,114.16
2021-07-01,13.24,6.93,4.39,28.09,79.9
2021-07-02,10.98,6.66,4.14,41.7,56.32
2021-07-03,18.0,11.77,3.31,18.42,88.42
2021-07-04,16.74,11.99,3.97,29.71,100.76
2021-07-05,21.15,12.86,5.66,56.24,96.92
2021-07-06,14.89,7.81,34.25,31.38,73.95
2021-07-07,15.825000000000001,12.24,32.72,54.44,76.85
2021-07-08,16.76,11.16,3.13,25.98,82.86
2021-07-09,10.05,6.34,3.06,60.92,70.76
2021-07-10,9.27,5.6,3.58,29.1,87.16
2021-07-11,16.03,9.56,5.1,12.42,100.7
2021-07-12,14.34,9.17,3.01,20.92,101.25
2021-07-13,21.6,14.25,4.78,15.77,136.27
2021-07-14,27.02,13.77,3.22,51.15,123.43
2021-07-15,20.97,10.87,3.08,48.95,104.09
2021-07-16,24.9,14.38,3.14,34.5,102.92
2021-07-17,22.09,14.31,3.1,21.91,103.46
2021-07-18,18.57,10.5,3.06,12.95,82.22
2021-07-19,19.14,11.29,3.21,23.67,64.74
2021-07-20,16.06,9.3,4.12,23.23,65.03
2021-07-21,18.71,10.54,3.89,16.57,71.1
2021-07-22,19.43,10.37,24.41,56.29,65.22
2021-07-23,29.09,14.33,11.64,63.3,106.64
2021-07-24,27.56,16.04,6.1,155.9,139.06
2021-07-25,29.2,18.75,5.68,16.04,128.8
2021-07-26,28.49,18.9,5.36,39.74,116.32
2021-07-27,24.45,10.25,4.82,57.24,106.84
2021-07-28,27.2,12.65,4.36,52.46,102.19
2021-07-29,23.99,9.86,4.55,42.12,76.68
2021-07-30,23.47,9.46,5.82,68.72,103.74
2021-07-31,23.97,10.11,4.89,42.15,97.03
2021-08-01,16.04,8.42,4.0,22.02,83.54
2021-08-02,18.15,8.17,4.31,30.34,79.22
2021-08-03,11.56,6.09,5.95,38.21,87.11
2021-08-04,10.81,5.86,3.76,55.43,82.23
2021-08-05,15.03,10.19,3.86,42.1,66.87
2021-08-06,16.56,8.08,3.98,53.19,74.66
2021-08-07,13.66,6.78,4.94,47.95,70.11
2021-08-08,11.61,5.29,4.84,17.8,74.51
2021-08-09,13.94,5.52,4.7,61.3,78.35
2021-08-10,20.51,8.17,7.85,47.68,79.52
2021-08-11,15.59,7.76,4.71,56.81,85.44
2021-08-12,21.72,10.48,8.5,49.83,117.26
2021-08-13,28.66,13.7,5.15,86.47,124.48
2021-08-14,28.4,15.86,4.33,72.55,116.05
2021-08-15,23.88,13.62,5.8,58.92,115.59
2021-08-16,22.1,10.88,4.9,50.8,98.01
2021-08-17,17.42,6.85,4.3,17.6,80.42
2021-08-18,20.09,7.77,4.57,21.9,80.32
2021-08-19,15.63,7.21,4.5,30.94,66.33
2021-08-20,16.41,8.15,5.16,41.81,53.84
2021-08-21,17.08,11.31,6.66,41.37,96.94
2021-08-22,15.71,10.81,4.4,20.46,81.55
2021-08-23,11.87,8.14,4.08,23.17,64.1
2021-08-24,11.23,6.32,4.15,17.96,67.57
2021-08-25,13.73,7.66,4.99,40.39,91.71
2021-08-26,10.08,6.04,4.78,34.14,81.69
2021-08-27,9.69,5.22,4.66,35.35,39.74
2021-08-28,10.64,7.08,4.42,33.83,53.94
2021-08-29,12.57,9.38,4.13,38.28,60.06
2021-08-30,12.0,8.34,3.6,32.92,46.0
2021-08-31,10.13,6.95,3.2,13.58,54.93
2021-09-01,13.1,8.14,3.56,27.95,67.65
2021-09-02,14.77,9.44,3.82,53.2,65.59
2021-09-03,21.8,13.89,5.32,54.76,96.59
2021-09-04,21.73,16.24,4.05,34.16,83.91
2021-09-05,9.45,6.22,6.94,11.85,88.91
2021-09-06,15.56,8.2,9.76,34.36,79.66
2021-09-07,26.37,14.8,5.48,71.41,82.6
2021-09-08,27.75,18.09,4.63,48.47,108.69
2021-09-09,27.44,12.38,5.36,27.65,104.89
2021-09-10,26.68,11.24,5.07,41.77,112.37
2021-09-11,24.81,14.59,4.88,53.74,109.03
2021-09-12,16.3,11.95,3.73,32.42,75.95
2021-09-13,19.94,13.12,4.83,44.0,80.38
2021-09-14,18.15,10.88,47.03,35.67,90.64
2021-09-15,28.11,18.4,4.75,107.14,98.05
2021-09-16,21.11,13.46,4.8,43.72,78.61
2021-09-17,10.43,7.1,5.62,22.69,56.08
2021-09-18,7.73,5.56,3.74,9.95,53.65
2021-09-19,13.01,8.43,3.48,27.11,52.69
2021-09-20,13.3,9.14,3.7,31.3,57.21
2021-09-21,22.61,15.71,5.17,53.6,31.67
2021-09-22,11.63,8.42,4.01,23.16,48.28
2021-09-23,20.0,10.94,5.73,37.21,71.27
2021-09-24,14.82,7.44,4.91,20.32,76.17
2021-09-25,15.76,10.3,6.27,47.86,63.71
2021-09-26,17.16,13.28,8.18,36.01,73.91
2021-09-27,31.93,24.46,8.74,46.0,50.78
2021-09-28,35.97,25.97,15.87,46.22,37.64
2021-09-29,31.93,23.21,11.36,33.16,39.0
2021-09-30,17.04,9.95,5.91,70.18,62.99
2021-10-01,20.23,13.74,7.79,35.28,73.49
2021-10-02,24.2,16.94,6.71,31.17,69.92
2021-10-03,25.84,15.44,9.65,34.44,83.42
2021-10-04,25.72,16.61,7.74,69.72,61.22
2021-10-05,35.13,19.63,9.07,26.39,96.83
2021-10-06,13.76,9.04,6.39,37.5,84.97
2021-10-07,27.32,21.18,4.98,26.01,32.12
2021-10-08,41.13,22.37,6.58,37.2,55.4
2021-10-09,27.7,17.74,6.09,41.12,68.8
2021-10-10,34.41,25.42,8.61,66.21,70.3
2021-10-11,30.363999999999997,37.34,48.73,80.78,57.1
2021-10-12,26.317999999999998,13.14,22.19,65.89,49.25
2021-10-13,22.272,11.84,10.39,66.99,47.5
2021-10-14,19.29,15.53,14.3,70.79,42.38
2021-10-15,14.18,8.65,5.57,34.87,49.36
2021-10-16,17.24,10.97,5.98,53.52,51.23
2021-10-17,22.34,16.63,6.48,43.25,53.95
2021-10-18,24.1,14.8,7.33,64.46,43.26
2021-10-19,25.56,17.4,5.95,46.82,52.67
2021-10-20,20.16,9.51,5.88,39.45,46.29
2021-10-21,29.02,10.06,5.38,36.71,66.42
2021-10-22,16.27,5.76,4.61,28.83,62.32
2021-10-23,12.82,7.95,5.02,61.69,65.6
2021-10-24,19.63,14.7,5.93,28.11,61.78
2021-10-25,22.25,13.18,5.32,43.6,55.44
2021-10-26,29.52,16.82,7.76,63.76,44.19
2021-10-27,31.98,21.21,6.78,44.93,39.52
2021-10-28,44.29,32.95,10.0,61.04,39.72
2021-10-29,37.24,24.29,10.0,71.31,67.04
2021-10-30,36.68,21.84,19.23,56.42,79.69
2021-10-31,29.94,19.46,8.35,33.69,75.53
2021-11-01,27.21,20.49,9.11,50.76,73.47
2021-11-02,22.916666666666668,17.146666666666665,11.049999999999999,42.18,61.05
2021-11-03,18.623333333333335,13.803333333333335,12.99,33.599999999999994,48.629999999999995
2021-11-04,14.33,10.46,14.93,25.02,36.21
2021-11-05,9.35,6.56,18.06,28.17,43.94
2021-11-06,14.76,10.72,5.22,39.67,56.88
2021-11-07,16.82,13.78,7.3,57.32,52.71
2021-11-08,21.64,10.48,8.02,37.61,49.18
2021-11-09,27.31,16.9,6.09,42.61,34.82
2021-11-10,37.93,27.25,8.98,63.84,30.84
2021-11-11,50.29,42.75,10.62,50.28,26.7
2021-11-12,50.75,43.56,10.0,30.26,22.14
2021-11-13,45.245714285714286,50.83,9.54,38.85,25.744285714285713
2021-11-14,39.74142857142857,63.07,5.96,34.94,29.34857142857143
2021-11-15,34.23714285714286,49.72,5.22,19.5,32.95285714285714
2021-11-16,24.79,54.98,7.36,34.2,41.94
2021-11-17,19.76,49.24,6.29,30.95,34.3
2021-11-18,20.81,17.12,5.62,50.75,35.35
2021-11-19,12.22,8.56,5.03,17.31,47.37
2021-11-20,12.43,9.51,5.21,15.58,54.17
2021-11-21,19.09,16.43,5.06,23.11,55.57
2021-11-22,17.75,14.53,4.54,33.29,34.14
2021-11-23,17.27,10.96,6.76,46.2,43.51
2021-11-24,21.68,13.5,5.82,53.84,35.13
2021-11-25,42.44,30.2,20.84,38.48,41.27
2021-11-26,44.38,30.96,8.13,50.1,30.18
2021-11-27,44.43,32.62,9.72,38.54,29.68
2021-11-28,37.73,34.15,7.61,34.33,19.71
2021-11-29,18.45,16.26,5.02,24.7,36.4
2021-11-30,12.06,8.7,25.83,34.06,50.72
2021-12-01,11.97,8.03,6.86,54.49,61.06
2021-12-02,16.75,7.36,6.5,34.4,57.31
2021-12-03,37.26,13.98,6.43,48.0,46.8
2021-12-04,34.94,22.1,9.13,41.76,47.39
2021-12-05,27.04,23.74,8.71,39.11,28.09
2021-12-06,36.57,33.86,5.03,31.91,13.7
2021-12-07,37.57,34.69,10.15,25.88,21.47
2021-12-08,36.0,32.19,12.0,30.66,22.89
2021-12-09,44.85,40.92,11.3,33.78,25.93
2021-12-10,57.91,52.39,13.62,45.75,10.91
2021-12-11,53.11,46.86,13.57,53.62,19.79
2021-12-12,65.51,58.99,14.84,66.3,15.63
2021-12-13,65.95,57.36,10.65,47.27,2.44
2021-12-14,56.54,44.18,7.94,52.25,5.83
2021-12-15,30.42,21.11,8.81,38.02,16.45
2021-12-16,15.61,11.97,7.06,32.41,39.83
2021-12-17,13.79,9.7,4.56,13.97,47.23
2021-12-18,12.29,10.27,5.85,12.79,47.6
2021-12-19,6.8,5.59,4.52,11.07,59.97
2021-12-20,8.96,6.52,4.52,17.76,51.83
2021-12-21,17.98,12.28,5.53,59.01,47.29
2021-12-22,24.49,19.65,9.7,47.26,37.55
2021-12-23,43.25,33.38,10.46,45.3,20.91
2021-12-24,13.09,11.16,5.87,28.91,39.54
2021-12-25,21.84,19.6,9.52,54.52,67.5
2021-12-26,80.99,74.99,33.78,42.83,29.16
2021-12-27,57.1,50.51,30.54,43.02,29.93
2021-12-28,65.68,59.48,34.79,45.38,21.49
2021-12-29,31.02,25.71,13.75,50.59,25.15
2021-12-30,23.18,18.27,8.67,51.54,13.43
2021-12-31,8.71,5.88,7.24,19.28,43.22
2022-01-01,11.33,9.65,5.25,29.67,50.32
2022-01-02,16.04,12.81,7.85,27.8,41.09
2022-01-03,15.14,7.56,5.65,23.73,69.76
2022-01-04,12.12,9.45,8.1,53.51,55.84
2022-01-05,9.87,7.19,5.81,46.44,63.46
2022-01-06,8.29,6.39,7.82,59.06,58.08
2022-01-07,20.11,13.98,8.3,31.94,46.33
2022-01-08,28.52,23.3,9.12,41.52,39.88
2022-01-09,41.11,35.96,35.62,39.94,32.81
2022-01-10,59.37,51.23,20.45,38.36,22.89
2022-01-11,61.43,52.82,12.64,58.54,33.87
2022-01-12,89.32,76.04,13.46,59.28,13.68
2022-01-13,21.93,16.81,8.03,35.3,33.97
2022-01-14,19.51,16.55,5.84,32.03,37.66
2022-01-15,20.74,16.0,6.65,57.85,51.66
2022-01-16,53.7,47.23,13.03,52.23,29.29
2022-01-17,14.16,9.82,6.74,18.54,63.5
2022-01-18,26.68,15.28,8.02,42.24,62.63
2022-01-19,26.96,19.95,8.95,52.51,47.91
2022-01-20,13.55,8.85,6.19,21.46,67.82
2022-01-21,18.63,8.06,5.7,54.6,63.38
2022-01-22,12.0,9.9,5.76,42.63,61.97
2022-01-23,29.72,25.52,7.02,37.69,37.44
2022-01-24,34.01,27.37,9.59,55.62,38.17
2022-01-25,16.19,13.43,8.23,33.6,44.96
2022-01-26,14.36,10.98,6.8,24.01,42.77
2022-01-27,17.18,13.21,6.15,35.38,35.53
2022-01-28,11.17,6.79,5.55,10.76,71.09
2022-01-29,12.48,9.82,5.83,48.23,63.28
2022-01-30,15.09,8.75,4.39,3.19,79.06
2022-01-31,38.51,20.58,46.05,63.67,77.15
2022-02-01,19.98,15.48,5.53,35.88,53.69
2022-02-02,8.03,5.74,4.4,18.35,67.26
2022-02-03,17.5,11.88,7.04,42.52,64.26
2022-02-04,18.05,12.72,5.54,56.98,45.88
2022-02-05,11.96,7.68,51.92,15.98,73.26
2022-02-06,7.09,5.45,5.54,9.14,66.65
2022-02-07,7.28,5.33,4.46,11.21,74.04
2022-02-08,14.0,10.09,53.49,31.33,66.9
2022-02-09,14.38,9.7,5.51,33.76,50.58
2022-02-10,24.06,13.98,6.42,44.16,52.32
2022-02-11,10.2,8.26,5.67,30.79,58.06
2022-02-12,17.58,13.42,18.28,25.39,67.54
2022-02-13,22.45,16.66,51.95,38.59,62.55
2022-02-14,27.66,18.25,10.46,31.01,71.07
2022-02-15,38.41,30.08,7.2,63.41,53.79
2022-02-16,19.32,12.73,9.41,35.4,58.98
2022-02-17,18.76,7.12,4.95,12.85,79.85
2022-02-18,17.59,8.86,5.43,31.74,77.74
2022-02-19,14.06,6.43,5.04,17.05,80.07
2022-02-20,9.23,6.34,57.4,11.55,63.0
2022-02-21,14.63,6.2,5.72,30.52,74.51
2022-02-22,19.35,9.41,5.52,29.39,64.33
2022-02-23,18.14,10.38,6.31,46.48,74.74
2022-02-24,25.46,15.95,8.49,49.84,55.41
2022-02-25,18.02,8.6,6.41,40.09,74.93
2022-02-26,15.37,11.25,5.72,47.46,59.34
2022-02-27,34.19,29.72,6.27,39.84,47.95
2022-02-28,34.28,26.49,9.1,75.59,56.38
2022-03-01,45.91,34.5,30.44,81.18,62.35
2022-03-02,44.879999999999995,44.72,29.73,81.8,60.79
2022-03-03,43.849999999999994,60.14,15.89,73.32,61.21
2022-03-04,42.82,28.25,5.5,44.49,46.88
2022-03-05,29.585,22.08,6.78,31.85,56.79
2022-03-06,30.78,31.36,7.17,28.54,61.74
2022-03-07,27.770000000000003,25.67,5.73,67.81,64.19
2022-03-08,27.395000000000003,30.89,8.53,80.61,64.18
2022-03-09,39.46,31.67,73.37,100.1,68.21
2022-03-10,37.79,21.38,12.66,52.75,74.95
2022-03-11,31.894999999999996,27.03,15.53,82.09,62.02
2022-03-12,34.58,26.51,20.64,29.59,78.88
2022-03-13,33.22,26.43,18.37,23.01,90.62
2022-03-14,53.98,35.42,15.12,56.17,91.57
2022-03-15,32.15,19.92,10.36,71.49,68.4
2022-03-16,58.28,40.64,8.33,86.99,66.05
2022-03-17,70.58,56.39,18.65,67.2,75.37
2022-03-18,45.6,31.38,14.89,84.56,77.72
2022-03-19,54.49,40.73,24.86,55.34,103.17
2022-03-20,42.9,35.08,20.78,32.78,102.95
2022-03-21,50.84,33.04,25.83,106.29,92.3
2022-03-22,77.08,52.86,37.51,118.77,102.46
2022-03-23,84.065,40.63,17.08,99.02,88.01
2022-03-24,91.05,46.32,18.66,100.86,90.06
2022-03-25,108.87,53.51,10.77,111.67,98.07
2022-03-26,59.62,30.83,11.13,51.54,93.94
2022-03-27,16.54,9.86,20.17,38.6,79.78
2022-03-28,52.08,26.1,9.9,64.82,81.83
2022-03-29,44.45,24.79,8.76,37.78,69.75
2022-03-30,41.08,27.23,29.26,83.82,76.86
2022-03-31,25.05,20.32,6.56,23.51,72.37
2022-04-01,36.43,13.7,58.23,27.9,63.9
2022-04-02,39.89,12.7,5.5,11.81,85.67
2022-04-03,12.82,8.25,5.61,17.98,84.25
2022-04-04,24.12,12.43,6.52,26.69,86.32
2022-04-05,12.62,8.24,5.86,32.43,85.2
2022-04-06,14.5,9.59,6.14,37.89,46.54
2022-04-07,16.08,7.52,6.06,42.51,75.69
2022-04-08,12.58,5.87,5.13,19.44,80.65
2022-04-09,11.26,7.8,5.44,17.04,82.13
2022-04-10,11.13,7.57,5.24,17.79,86.06
2022-04-11,34.56,12.16,6.6,73.36,75.95
2022-04-12,41.03,28.61,15.71,57.35,99.09
2022-04-13,32.62,22.05,44.44,42.07,107.93
2022-04-14,49.73,27.27,15.83,111.53,105.48
2022-04-15,15.08,10.42,6.26,16.42,90.97
2022-04-16,13.37,9.83,5.66,22.86,82.74
2022-04-17,15.45,10.84,6.44,62.83,90.48
2022-04-18,21.28,16.04,11.13,47.02,95.47
2022-04-19,19.08,13.46,8.0,58.12,81.86
2022-04-20,29.48,20.05,7.51,49.79,53.62
2022-04-21,26.34,20.96,8.89,38.11,51.97
2022-04-22,30.06,25.82,17.62,42.73,52.59
2022-04-23,23.3,18.16,9.66,50.15,97.58
2022-04-24,27.41,22.5,9.83,51.03,83.0
2022-04-25,14.95,12.68,34.65,32.36,64.86
2022-04-26,20.96,14.53,5.69,67.06,80.5
2022-04-27,30.2,19.65,6.12,61.38,88.59
2022-04-28,29.91,16.69,5.29,82.05,92.84
2022-04-29,27.49,16.02,4.37,84.14,92.71
2022-04-30,33.92,21.27,12.51,66.53,100.21
2022-05-01,27.71,18.48,24.63,67.52,118.9
2022-05-02,34.64,20.37,7.18,78.24,113.03
2022-05-03,31.91,20.68,5.83,70.49,104.94
2022-05-04,26.39,14.56,5.51,48.48,106.58
2022-05-05,33.39,20.23,27.89,58.36,110.31
2022-05-06,23.54,14.84,3.82,60.27,81.99
2022-05-07,31.01,19.4,5.53,74.33,97.09
2022-05-08,24.7,15.95,6.09,61.39,84.45
2022-05-09,19.46,10.14,6.33,21.85,98.81
2022-05-10,25.12,11.36,17.35,23.83,111.59
2022-05-11,34.59,15.0,6.14,40.09,116.74
2022-05-12,47.88,11.67,4.81,41.73,100.03
2022-05-13,29.18,9.93,4.86,52.1,101.78
2022-05-14,25.95,12.18,6.33,66.26,99.5
2022-05-15,18.52,9.48,3.67,63.97,92.34
2022-05-16,20.46,8.25,4.19,62.01,112.71
2022-05-17,25.18,9.54,6.96,54.5,94.11
2022-05-18,15.7,6.08,7.4,29.74,96.62
2022-05-19,22.09,8.43,4.83,32.5,117.45
2022-05-20,33.34,10.04,6.19,44.0,105.16
2022-05-21,14.15,5.97,4.08,12.64,92.72
2022-05-22,9.9,6.37,4.11,70.47,78.71
2022-05-23,13.02,7.22,8.78,31.45,102.92
2022-05-24,20.52,9.56,11.07,30.35,93.32
2022-05-25,14.04,8.46,5.04,20.98,58.12
2022-05-26,16.61,7.07,4.77,23.64,85.12
2022-05-27,13.16,6.28,3.86,20.8,79.44
2022-05-28,12.93,5.6,5.32,9.62,80.35
2022-05-29,9.77,6.1,5.94,63.91,84.06
2022-05-30,12.38,7.03,7.06,21.23,81.9
2022-05-31,15.23,8.98,87.92,33.29,104.68
2022-06-01,13.29,7.06,5.2,27.04,100.91
2022-06-02,18.07,8.36,4.31,59.11,95.8
2022-06-03,18.398,14.55,7.92,60.41,130.47
2022-06-04,18.726,20.02,4.76,30.43,108.37
2022-06-05,19.054000000000002,19.18,5.08,26.81,132.31
2022-06-06,19.189999999999998,14.9,7.62,71.32,109.01
2022-06-07,19.71,9.71,5.01,25.38,70.3
2022-06-08,15.5,9.9,8.44,31.88,96.5
2022-06-09,19.98,13.7,4.27,27.91,85.01
2022-06-10,14.63,7.43,3.97,34.27,87.73
2022-06-11,18.56,10.4,9.72,51.58,97.91
2022-06-12,17.27,10.4,6.43,45.83,100.29
2022-06-13,19.27,10.53,21.8,29.45,84.29
2022-06-14,16.16,7.22,6.39,78.6,74.11
2022-06-15,14.78,7.38,6.18,56.91,100.0
2022-06-16,15.89,9.47,5.5,21.84,117.45
2022-06-17,13.06,6.4,4.02,35.62,88.82
2022-06-18,19.54,8.41,5.78,29.54,112.48
2022-06-19,29.55,10.86,13.22,27.99,105.55
2022-06-20,24.60666666666667,17.0,60.2,68.04,90.87
2022-06-21,19.663333333333334,10.31,57.4,85.12,74.79
2022-06-22,14.72,7.45,12.05,41.45,91.45
2022-06-23,16.77,8.99,7.71,37.35,109.32
2022-06-24,20.3,10.83,6.62,22.19,133.3
2022-06-25,19.78,11.68,8.13,27.38,127.72
2022-06-26,24.37,15.76,8.54,33.81,126.32
2022-06-27,21.65,13.94,8.37,21.23,132.74
2022-06-28,17.64,10.78,6.47,16.43,101.91
2022-06-29,16.88,11.48,65.68,49.72,84.86
2022-06-30,17.78,10.78,5.02,29.2,124.09
2022-07-01,26.05,18.22,4.45,133.49,106.04
2022-07-02,9.89,6.58,3.92,12.26,90.46
2022-07-03,11.89,8.36,4.2,31.36,106.91
2022-07-04,22.51,11.86,5.98,29.13,119.38
2022-07-05,15.33,9.68,3.37,39.75,80.89
2022-07-06,16.27,9.44,3.54,89.28,84.89
2022-07-07,15.62,7.55,11.56,33.13,80.24
2022-07-08,14.56,8.63,6.71,13.68,69.93
2022-07-09,11.46,7.24,4.38,9.03,68.81
2022-07-10,8.6,5.22,4.4,11.18,58.38
2022-07-11,10.91,5.74,4.43,27.67,54.32
2022-07-12,12.45,5.04,4.27,20.68,68.17
2022-07-13,16.91,6.62,4.62,25.99,92.81
2022-07-14,19.14,9.94,4.98,65.68,106.1
2022-07-15,14.88,6.05,3.6,22.23,79.97
2022-07-16,15.19,6.53,4.32,27.52,71.02
2022-07-17,12.58,6.48,6.1,44.91,79.66
2022-07-18,17.12,8.12,5.16,51.75,101.89
2022-07-19,23.55,9.12,6.21,68.71,125.91
2022-07-20,27.96,12.32,5.0,46.27,149.52
2022-07-21,31.31,15.86,8.94,136.84,135.0
2022-07-22,23.96,13.53,8.13,34.23,127.77
2022-07-23,24.15,15.52,4.4,23.08,101.38
2022-07-24,12.55,7.7,3.98,24.52,97.32
2022-07-25,16.44,6.96,4.68,19.28,116.83
2022-07-26,17.67,8.84,5.05,14.36,113.22
2022-07-27,13.47,6.58,5.15,50.23,71.43
2022-07-28,16.99,7.23,88.66,49.14,103.38
2022-07-29,21.37,9.41,5.62,51.64,99.51
2022-07-30,14.53,7.73,4.31,17.71,76.77
2022-07-31,12.42,6.83,3.5,43.42,77.33
2022-08-01,14.49,8.09,4.43,45.0,81.63
2022-08-02,11.11,6.86,3.41,22.46,92.81
2022-08-03,11.219999999999999,14.35,4.08,26.36,130.28
2022-08-04,11.33,24.07,7.49,24.82,148.76
2022-08-05,11.440000000000001,20.1,9.79,105.2,151.67
2022-08-06,11.55,6.66,3.71,41.49,119.52
2022-08-07,8.29,4.74,3.47,16.83,72.19
2022-08-08,11.17,6.21,6.94,64.54,85.86
2022-08-09,17.18,8.33,3.91,55.02,86.04
2022-08-10,16.84,9.15,4.73,89.67,91.4
2022-08-11,16.26,7.09,8.71,38.28,85.17
2022-08-12,16.79,8.74,6.42,24.29,97.94
2022-08-13,18.59,14.17,4.31,45.91,90.02
2022-08-14,18.35,13.18,4.29,28.67,58.41
2022-08-15,19.98,13.57,6.18,27.45,84.92
2022-08-16,22.45,11.85,6.21,80.0,132.37
2022-08-17,26.28,14.69,4.32,62.56,139.3
2022-08-18,31.37,19.7,4.07,17.61,135.07
2022-08-19,28.48,15.75,3.9,30.24,114.39
2022-08-20,25.18,17.2,3.99,58.79,92.26
2022-08-21,8.4,5.7,3.96,4.52,71.51
2022-08-22,10.91,7.32,4.1,18.75,48.63
2022-08-23,18.56,11.27,3.97,17.87,23.71
2022-08-24,29.72,17.86,4.04,23.75,51.09
2022-08-25,45.49,20.96,4.15,29.26,84.53
2022-08-26,35.18,21.94,4.19,165.31,109.03
2022-08-27,24.87,13.2,4.34,149.59,90.91
2022-08-28,19.65,14.03,3.93,59.2,56.91
2022-08-29,15.92,9.01,4.18,32.93,73.83
2022-08-30,12.53,8.25,4.24,26.93,65.67
2022-08-31,11.3,6.94,4.19,41.41,56.14
2022-09-01,9.6,5.41,3.83,39.88,63.36
2022-09-02,12.17,5.66,6.33,25.9,67.93
2022-09-03,16.29,8.69,4.74,14.69,73.09
2022-09-04,14.25,10.1,4.78,30.64,71.63
2022-09-05,17.72,10.36,57.08,20.58,81.16
2022-09-06,16.85,7.06,5.05,20.19,72.15
2022-09-07,19.91,10.0,49.21,19.26,101.22
2022-09-08,23.74,14.84,5.48,41.98,85.41
2022-09-09,13.11,7.4,31.46,35.07,70.81
2022-09-10,9.1,5.56,4.04,38.41,59.7
2022-09-11,12.4,8.66,4.13,10.44,53.92
2022-09-12,13.32,9.09,67.41,51.78,45.77
2022-09-13,16.055,13.01,17.8,41.07,67.84
2022-09-14,18.79,11.97,4.5,42.42,44.18
2022-09-15,14.95,8.78,4.91,23.99,59.11
2022-09-16,9.63,5.1,4.66,27.78,63.08
2022-09-17,9.21,5.57,3.69,11.42,49.75
2022-09-18,6.62,4.43,3.65,11.74,48.73
2022-09-19,7.14,4.71,4.83,16.88,43.96
2022-09-20,8.28,5.42,36.71,38.58,36.81
2022-09-21,9.6,6.58,4.27,23.16,42.5
2022-09-22,12.61,7.71,4.14,55.92,53.19
2022-09-23,26.42,15.63,6.59,64.61,65.94
2022-09-24,21.6,15.65,5.46,47.5,59.55
2022-09-25,23.77,18.72,6.31,61.83,74.1
2022-09-26,23.65,17.21,5.44,47.96,29.67
2022-09-27,18.49,13.7,4.86,28.53,25.0
2022-09-28,11.84,7.67,5.63,41.46,33.69
2022-09-29,18.24,11.71,5.78,52.36,37.79
2022-09-30,25.38,19.44,7.51,37.88,43.31
2022-10-01,18.42,14.47,6.42,25.83,48.17
2022-10-02,9.25,5.99,4.86,21.9,56.36
2022-10-03,8.97,5.87,3.84,9.53,44.68
2022-10-04,14.34,8.41,5.73,54.63,47.59
2022-10-05,21.39,11.14,5.62,36.89,37.75
2022-10-06,18.6,9.06,5.56,53.69,50.47
2022-10-07,26.52,17.34,14.61,51.88,42.0
2022-10-08,23.25,14.44,6.46,26.89,51.2
2022-10-09,11.76,7.8,7.45,42.52,51.58
2022-10-10,23.54,14.5,18.74,40.23,49.1
2022-10-11,21.69,11.78,5.66,50.3,55.75
2022-10-12,36.32,23.94,17.31,46.5,45.02
2022-10-13,38.31,26.96,14.46,62.05,48.66
2022-10-14,39.06,26.21,13.37,54.39,43.22
2022-10-15,27.08,21.34,5.1,21.87,37.65
2022-10-16,16.25,11.36,5.66,30.02,29.04
2022-10-17,32.0,20.17,7.14,38.7,58.09
2022-10-18,28.7,14.72,7.83,51.63,50.55
2022-10-19,14.19,9.02,4.21,31.94,47.61
2022-10-20,20.02,14.59,15.17,40.25,41.34
2022-10-21,30.78,17.22,26.96,42.38,35.16
2022-10-22,20.92,14.34,4.51,29.33,22.18
2022-10-23,16.52,11.7,5.6,47.98,39.14
2022-10-24,20.01,11.74,4.28,48.44,38.75
2022-10-25,19.49,9.61,4.51,38.05,41.68
2022-10-26,25.82,15.34,6.96,66.31,29.09
2022-10-27,36.78,24.61,8.61,59.01,23.89
2022-10-28,32.2,18.98,6.63,61.98,24.37
2022-10-29,31.8,17.08,5.1,57.02,40.79
2022-10-30,37.24,22.79,5.21,50.12,28.14
2022-10-31,41.82,25.83,6.3,64.96,27.78
2022-11-01,34.38,25.2,4.44,29.76,16.07
2022-11-02,24.41,13.26,6.84,37.57,48.22
2022-11-03,23.87,15.09,30.81,34.57,37.29
2022-11-04,32.05,24.34,20.87,40.55,27.24
2022-11-05,19.82,12.2,3.88,38.74,50.22
2022-11-06,23.61,18.78,8.5,31.73,46.74
2022-11-07,22.85,16.0,5.45,42.35,32.01
2022-11-08,23.43,16.17,5.69,49.9,35.46
2022-11-09,32.86,24.05,4.95,42.73,34.18
2022-11-10,21.56,14.7,6.82,54.48,39.81
2022-11-11,19.28,15.36,7.01,41.32,29.49
2022-11-12,22.34,17.29,6.39,51.47,32.53
2022-11-13,36.78,32.72,8.38,47.36,41.4
2022-11-14,40.96,35.18,12.1,46.91,16.18
2022-11-15,53.9,41.62,20.59,63.82,13.25
2022-11-16,33.92,30.3,6.18,36.2,10.22
2022-11-17,13.39,10.83,3.65,14.07,18.33
2022-11-18,20.81,17.66,6.24,40.69,29.36
2022-11-19,24.67,20.91,9.57,31.65,30.19
2022-11-20,28.44,36.84,46.21,81.93,35.98
2022-11-21,32.21,29.52,34.43,63.87,39.31
2022-11-22,35.98,32.1,12.92,40.41,20.49
2022-11-23,59.51,53.39,7.48,33.89,5.5
2022-11-24,59.16,51.19,8.2,40.92,3.2
2022-11-25,43.28,35.44,7.6,52.9,6.19
2022-11-26,25.2,23.69,4.53,41.42,13.0
2022-11-27,33.03,29.93,9.04,24.49,16.28
2022-11-28,43.33,37.96,15.93,40.74,14.41
2022-11-29,39.23,33.32,7.52,36.45,22.15
2022-11-30,43.97,39.5,10.56,34.27,20.54
2022-12-01,30.51,26.12,7.94,34.24,27.76
2022-12-02,23.49,20.54,26.52,18.24,33.35
2022-12-03,43.4,38.19,13.05,22.7,20.95
2022-12-04,45.79,42.59,15.43,22.04,12.95
2022-12-05,44.08,38.77,19.02,30.91,11.67
2022-12-06,27.99,25.24,9.02,22.09,4.22
2022-12-07,11.26,8.94,12.34,26.17,33.28
2022-12-08,21.53,15.52,9.52,53.92,46.33
2022-12-09,35.19,29.08,10.65,42.52,23.7
2022-12-10,38.45,35.52,6.79,22.8,25.7
2022-12-11,27.41,25.27,4.99,13.26,47.73
2022-12-12,14.24,13.45,5.87,38.24,44.52
2022-12-13,19.89,16.0,9.14,59.31,40.27
2022-12-14,69.51,61.9,52.51,58.42,17.52
2022-12-15,53.21,47.53,20.98,61.25,24.57
2022-12-16,65.5,60.91,13.82,39.89,15.77
2022-12-17,63.28,57.98,9.27,32.81,29.01
2022-12-18,39.51,36.37,34.66,34.17,40.05
2022-12-19,58.27,51.17,37.8,52.62,38.37
2022-12-20,36.83,30.73,13.32,48.43,40.55
2022-12-21,34.5,27.68,11.78,48.83,17.65
2022-12-22,16.63,13.2,8.68,38.09,29.08
2022-12-23,14.26,11.57,7.7,42.2,31.78
2022-12-24,11.49,9.71,6.91,33.33,47.99
2022-12-25,17.17,14.72,8.75,19.77,44.48
2022-12-26,13.31,11.34,5.65,17.59,42.04
2022-12-27,13.39,7.42,6.54,63.26,59.7
2022-12-28,13.89,8.87,26.64,32.13,49.0
2022-12-29,17.33,9.86,4.69,27.32,54.86
2022-12-30,18.73,13.36,4.24,43.61,36.97
2022-12-31,10.04,8.26,9.03,13.9,45.06
2023-01-01,13.95,10.03,13.25,22.85,48.06
2023-01-02,22.84,13.8,6.39,39.6,38.89
2023-01-03,17.45,11.79,6.46,62.6,48.83
2023-01-04,21.06,15.28,10.47,52.36,49.97
2023-01-05,6.34,4.19,4.35,14.17,58.06
2023-01-06,9.93,8.18,5.15,23.91,56.7
2023-01-07,19.29,16.03,7.72,41.28,45.78
2023-01-08,30.05,27.11,6.6,30.1,32.2
2023-01-09,26.05,21.1,5.66,52.38,22.81
2023-01-10,14.52,12.1,6.77,32.64,43.79
2023-01-11,15.56,10.93,5.31,45.05,43.65
2023-01-12,12.45,8.33,6.36,40.35,51.48
2023-01-13,10.64,7.08,4.98,44.76,52.24
2023-01-14,11.04,7.74,5.05,19.99,55.05
2023-01-15,7.75,6.54,5.55,31.89,63.88
2023-01-16,13.09,9.61,10.57,33.13,62.48
2023-01-17,23.81,17.22,34.38,67.25,48.59
2023-01-18,33.57,30.31,7.66,43.24,21.3
2023-01-19,24.94,20.22,7.65,70.16,40.65
2023-01-20,62.1,52.81,10.93,61.13,12.21
2023-01-21,22.09,20.02,8.53,32.59,45.11
2023-01-22,26.18,24.58,14.94,21.28,20.05
2023-01-23,34.3,32.0,4.99,26.05,12.06
2023-01-24,40.71,37.21,5.34,25.39,11.21
2023-01-25,23.96,21.65,9.66,30.07,32.24
2023-01-26,38.38,31.87,9.65,38.55,32.19
2023-01-27,35.31,32.69,6.21,29.35,11.33
2023-01-28,19.39,17.24,3.86,15.55,60.74
2023-01-29,15.69,13.51,5.64,17.01,62.44
2023-01-30,14.76,12.03,5.51,24.31,55.9
2023-01-31,11.08,7.24,3.91,23.88,68.04
2023-02-01,9.19,6.26,11.11,19.37,65.49
2023-02-02,7.03,5.37,4.42,20.56,68.67
2023-02-03,11.92,9.15,4.59,39.72,70.42
2023-02-04,8.5,6.81,3.54,11.48,71.03
2023-02-05,17.94,15.37,5.88,56.89,56.95
2023-02-06,42.2,36.24,8.29,63.19,49.93
2023-02-07,61.84,52.28,8.96,51.05,49.23
2023-02-08,39.87,33.88,9.96,57.51,56.78
2023-02-09,47.65,38.0,9.71,44.13,62.6
2023-02-10,35.45,25.16,8.17,42.08,53.6
2023-02-11,31.2,25.27,6.6,26.5,44.49
2023-02-12,18.27,14.73,8.01,28.0,60.91
2023-02-13,14.48,11.76,6.22,39.78,57.93
2023-02-14,24.22,15.21,4.02,39.73,63.43
2023-02-15,38.25,31.78,8.02,56.87,59.18
2023-02-16,56.41,46.24,7.5,49.55,34.29
2023-02-17,26.56,21.43,6.52,45.61,43.62
2023-02-18,8.07,4.98,4.14,28.42,76.52
2023-02-19,6.65,5.51,3.63,10.59,74.42
2023-02-20,11.59,6.89,5.36,44.96,69.53
2023-02-21,8.5,5.87,15.58,24.56,68.73
2023-02-22,22.1,14.97,10.91,52.67,61.13
2023-02-23,42.27,34.18,18.21,47.58,57.8
2023-02-24,22.68,18.63,5.28,32.01,49.29
2023-02-25,6.16,5.51,3.37,7.8,63.02
2023-02-26,8.62,7.26,3.85,31.24,67.86
2023-02-27,17.3,12.83,5.52,40.51,59.47
2023-02-28,31.28,25.26,9.08,55.02,72.82
2023-03-01,59.76,47.62,14.26,86.08,64.84
2023-03-02,74.34,64.04,13.5,77.83,79.11
2023-03-03,25.45,22.7,4.02,27.81,49.66
2023-03-04,19.24,14.82,3.91,11.24,65.29
2023-03-05,10.4,8.01,3.72,11.92,75.26
2023-03-06,17.52,14.95,4.51,37.95,61.82
2023-03-07,23.6,18.87,10.94,23.43,60.08
2023-03-08,15.57,13.13,13.98,27.24,68.79
2023-03-09,23.32,21.53,5.5,22.09,40.52
2023-03-10,15.96,11.37,5.58,25.12,67.38
2023-03-11,6.39,5.45,4.72,5.3,76.94
2023-03-12,10.98,8.46,4.98,13.55,79.28
2023-03-13,13.91,9.37,4.77,20.96,65.68
2023-03-14,16.17,9.12,4.93,23.27,66.91
2023-03-15,12.59,7.81,4.39,19.82,77.03
2023-03-16,21.75,13.24,6.31,43.83,75.64
2023-03-17,30.23,21.38,9.68,22.92,76.44
2023-03-18,24.7,16.33,7.49,32.84,86.89
2023-03-19,35.01,25.99,10.24,57.93,90.15
2023-03-20,26.93,21.12,10.35,38.21,59.56
2023-03-21,28.34,23.17,4.99,46.76,57.97
2023-03-22,26.05,19.31,6.26,34.72,67.78
2023-03-23,23.52,12.36,5.88,22.89,73.36
2023-03-24,13.89,8.0,5.2,22.28,64.06
2023-03-25,10.87,6.55,5.81,16.98,77.98
2023-03-26,7.57,5.67,4.37,13.52,78.44
2023-03-27,10.36,7.53,4.25,18.4,75.21
2023-03-28,9.44,6.36,5.84,26.59,79.83
2023-03-29,22.99,15.34,6.43,37.11,79.58
2023-03-30,17.29,11.02,5.1,31.78,68.65
2023-03-31,13.44,8.77,5.54,30.78,71.05
2023-04-01,9.7,8.06,4.77,12.39,62.42
2023-04-02,10.3,8.82,4.19,6.65,72.8
2023-04-03,9.98,6.98,4.54,14.35,86.8
2023-04-04,14.94,9.89,6.77,28.51,79.1
2023-04-05,23.98,16.76,9.76,31.55,77.55
2023-04-06,37.29,30.88,9.63,32.97,91.76
2023-04-07,17.43,15.0,5.36,12.29,74.6
2023-04-08,19.15,16.85,6.34,11.29,75.91
2023-04-09,33.26,30.08,5.62,27.44,67.62
2023-04-10,29.55,26.31,6.34,20.44,77.47
2023-04-11,24.89,20.24,7.98,37.34,72.71
2023-04-12,13.08,9.0,8.45,54.18,94.02
2023-04-13,19.12,13.05,7.47,36.23,83.9
2023-04-14,29.58,25.11,5.3,54.95,71.02
2023-04-15,13.8,10.94,7.35,27.1,76.22
2023-04-16,18.79,16.26,5.88,31.64,89.26
2023-04-17,21.33,17.7,5.77,23.16,76.62
2023-04-18,23.1,18.74,5.12,24.1,60.92
2023-04-19,16.68,12.48,5.06,35.19,72.92
2023-04-20,30.87,21.44,5.8,43.83,74.94
2023-04-21,33.72,20.36,7.49,92.39,122.76
2023-04-22,28.23,18.3,20.69,78.68,122.49
2023-04-23,25.17,17.42,6.3,34.26,98.05
2023-04-24,17.86,11.89,6.02,43.99,75.58
2023-04-25,11.08,7.19,8.73,19.13,82.45
2023-04-26,14.82,7.66,10.35,16.65,82.1
2023-04-27,19.87,11.58,8.24,31.01,85.57
2023-04-28,27.49,17.48,9.18,35.25,103.46
2023-04-29,17.98,13.15,5.62,21.9,84.44
2023-04-30,15.54,10.83,5.09,34.29,93.05
2023-05-01,20.22,14.3,7.68,35.58,107.72
2023-05-02,17.01,11.59,6.41,26.3,87.91
2023-05-03,14.25,9.0,4.84,36.53,96.98
2023-05-04,20.33,11.96,6.7,44.46,103.94
2023-05-05,25.08,14.14,11.76,61.44,114.63
2023-05-06,18.0,11.49,5.34,21.63,95.5
2023-05-07,10.39,8.1,4.46,5.05,75.5
2023-05-08,14.06,9.18,4.5,13.56,92.63
2023-05-09,18.87,10.02,9.09,24.24,102.04
2023-05-10,18.85,9.56,13.63,46.44,96.06
2023-05-11,20.04,10.23,5.32,22.84,100.48
2023-05-12,21.66,10.27,5.07,21.86,100.12
2023-05-13,25.21,13.22,6.14,40.3,101.05
2023-05-14,18.75,12.56,7.06,20.27,101.07
2023-05-15,14.54,11.04,4.58,16.44,74.41
2023-05-16,23.25,16.89,5.88,14.8,77.08
2023-05-17,15.05,9.73,4.67,16.81,62.88
2023-05-18,12.74,7.27,4.11,64.86,83.1
2023-05-19,16.98,12.37,4.1,34.08,69.07
2023-05-20,25.79,20.18,4.47,36.53,69.65
2023-05-21,23.98,14.91,6.09,24.22,98.75
2023-05-22,19.48,9.22,4.87,18.45,93.98
2023-05-23,16.37,14.5,19.55,58.13,88.68
2023-05-24,13.26,8.86,4.83,21.4,80.71
2023-05-25,21.43,12.75,6.48,47.32,82.02
2023-05-26,17.39,10.95,5.01,26.74,92.49
2023-05-27,14.46,8.48,5.09,19.66,93.69
2023-05-28,16.52,7.8,5.51,33.93,108.68
2023-05-29,17.63,8.35,5.75,49.19,116.4
2023-05-30,16.76,8.0,5.06,37.33,110.68
2023-05-31,18.89,8.65,5.23,30.93,111.27
2023-06-01,24.53,10.69,6.72,50.98,118.02
2023-06-02,17.66,8.74,5.23,10.66,89.52
2023-06-03,12.82,5.23,4.46,15.63,88.19
2023-06-04,13.43,6.26,4.77,20.33,93.31
2023-06-05,18.48,7.84,5.59,50.9,105.6
2023-06-06,20.13,11.77,5.61,24.0,105.49
2023-06-07,25.74,15.5,5.29,22.3,88.4
2023-06-08,21.44,13.8,4.98,17.88,118.27
2023-06-09,20.75,14.37,5.71,23.48,97.71
2023-06-10,22.81,14.25,7.07,36.93,113.88
2023-06-11,19.97,11.8,5.79,15.3,101.09
2023-06-12,18.98,9.26,5.68,12.49,107.32
2023-06-13,17.57,9.25,6.39,11.94,93.89
2023-06-14,15.28,9.98,4.56,17.98,70.36
2023-06-15,20.61,12.34,5.7,26.11,96.08
2023-06-16,21.75,12.93,6.34,19.83,98.8
2023-06-17,17.44,11.79,6.48,11.95,111.12
2023-06-18,18.55,14.26,8.65,8.92,111.28
2023-06-19,22.29,14.46,5.69,20.63,128.68
2023-06-20,26.82,17.22,6.61,21.79,136.32
2023-06-21,27.11,17.38,6.28,35.04,115.87
2023-06-22,19.64,14.19,5.83,11.76,121.24
2023-06-23,18.05,11.24,6.07,20.52,114.05
2023-06-24,14.64,9.99,4.7,9.03,77.31
2023-06-25,14.19,9.43,5.43,39.14,96.33
2023-06-26,17.21,9.65,7.27,23.27,105.85
2023-06-27,13.26,7.34,5.31,6.12,88.04
2023-06-28,12.37,6.58,5.09,10.68,69.96
2023-06-29,12.03,7.71,5.77,41.02,103.81
2023-06-30,21.13,12.03,6.21,45.04,71.69
2023-07-01,19.03,13.75,6.77,30.24,86.4
2023-07-02,11.29,6.74,6.58,11.87,80.84
2023-07-03,20.44,13.83,5.84,103.7,92.62
2023-07-04,22.96,14.45,5.96,97.22,100.59
2023-07-05,22.37,13.95,7.13,28.8,85.26
2023-07-06,14.95,7.01,10.15,40.83,90.08
2023-07-07,15.21,8.35,4.15,38.09,115.93
2023-07-08,18.99,11.27,5.84,46.23,146.31
2023-07-09,19.87,14.0,5.82,44.78,103.35
2023-07-10,6.09,4.57,6.02,20.71,106.17
2023-07-11,14.04,10.0,5.59,81.61,116.11
2023-07-12,19.55,9.87,5.74,25.96,109.53
2023-07-13,13.18,7.96,5.08,25.26,88.64
2023-07-14,15.79,8.71,4.28,16.5,113.89
2023-07-15,15.35,9.46,6.35,10.91,121.99
2023-07-16,14.07,8.02,5.1,22.67,103.62
2023-07-17,14.92,8.37,4.52,24.58,102.48
2023-07-18,12.43,6.72,4.39,104.49,99.96
2023-07-19,15.68,6.93,11.29,31.88,118.14
2023-07-20,11.61,6.57,4.82,11.94,95.67
2023-07-21,11.13,6.28,5.79,14.16,97.2
2023-07-22,13.25,7.85,3.78,40.15,91.57
2023-07-23,14.63,7.77,5.82,41.1,100.83
2023-07-24,19.17,9.27,85.61,89.45,106.66
2023-07-25,12.84,6.8,6.0,7.26,103.66
2023-07-26,9.27,6.15,4.15,41.24,68.1
2023-07-27,11.19,6.15,13.1,14.56,92.02
2023-07-28,9.67,5.07,6.61,18.55,77.59
2023-07-29,10.61,5.68,16.9,19.33,75.2
2023-07-30,12.0,5.8,16.53,16.98,73.7
2023-07-31,12.64,6.29,5.47,14.6,64.48
2023-08-01,11.2,5.91,7.18,57.25,70.26
2023-08-02,12.93,6.98,22.38,51.93,77.8
2023-08-03,12.37,5.68,8.54,55.68,73.9
2023-08-04,13.81,5.45,13.35,33.18,84.18
2023-08-05,16.31,10.28,4.39,27.09,55.64
2023-08-06,5.21,3.74,7.25,5.5,70.69
2023-08-07,10.84,4.99,5.57,30.18,70.39
2023-08-08,10.43,4.92,4.4,15.27,74.47
2023-08-09,10.82,5.79,4.68,60.3,69.09
2023-08-10,12.943333333333333,12.96,12.62,47.34,95.58
2023-08-11,15.066666666666666,16.39,5.8,65.6,114.94
2023-08-12,17.189999999999998,20.48,6.2,29.49,109.93
2023-08-13,22.06,15.84,5.44,25.03,85.28
2023-08-14,26.42,13.92,6.6,37.5,110.83
2023-08-15,23.56,11.67,6.68,28.43,117.47
2023-08-16,30.34,16.63,4.51,40.51,128.09
2023-08-17,15.73,8.49,7.15,81.32,120.32
2023-08-18,17.85,11.99,6.42,24.52,104.51
2023-08-19,23.09,16.68,6.17,71.49,124.55
2023-08-20,24.1,16.25,5.82,70.57,113.38
2023-08-21,16.35,10.63,5.69,67.08,98.9
2023-08-22,19.51,12.34,6.75,60.03,107.74
2023-08-23,14.85,7.61,5.29,63.34,104.22
2023-08-24,21.65,10.85,5.39,59.52,122.98
2023-08-25,21.83,14.16,7.01,123.3,127.9
2023-08-26,15.78,9.01,6.4,35.53,108.88
2023-08-27,15.74,9.97,5.38,48.19,76.56
2023-08-28,12.39,7.1,4.77,28.72,57.13
2023-08-29,10.53,7.34,5.83,24.77,56.44
2023-08-30,8.1,4.48,5.01,20.71,60.59
2023-08-31,12.44,7.41,5.19,34.2,70.27
2023-09-01,11.82,6.92,5.23,41.39,83.64
2023-09-02,14.23,10.21,4.98,47.19,76.32
2023-09-03,12.83,9.05,4.51,34.21,77.37
2023-09-04,10.41,6.3,3.72,37.48,80.7
2023-09-05,16.69,10.16,5.04,27.08,107.3
2023-09-06,21.62,12.87,6.59,81.91,120.31
2023-09-07,21.43,13.59,109.09,105.81,113.0
2023-09-08,25.21,16.5,6.28,84.15,116.31
2023-09-09,26.52,19.34,6.74,138.97,139.2
2023-09-10,26.84,17.88,5.16,90.61,135.47
2023-09-11,28.83,16.63,5.86,98.71,134.89
2023-09-12,32.94,19.99,5.64,86.08,149.04
2023-09-13,32.01,19.56,6.61,45.71,112.25
2023-09-14,10.42,6.96,4.2,26.06,97.47
2023-09-15,12.77,7.23,4.17,30.42,75.97
2023-09-16,13.07,8.55,6.19,14.33,101.42
2023-09-17,15.32,10.7,6.35,50.69,98.32
2023-09-18,23.66,14.55,5.5,22.08,95.24
2023-09-19,12.04,6.23,5.03,63.6,76.6
2023-09-20,14.51,7.01,5.58,74.07,87.13
2023-09-21,18.56,8.54,7.27,27.62,90.98
2023-09-22,16.5,7.89,6.19,30.95,72.52
2023-09-23,8.24,5.17,4.74,33.44,60.15
2023-09-24,10.05,7.26,5.6,69.75,55.34
2023-09-25,13.01,8.94,5.18,41.81,64.26
2023-09-26,22.1,15.75,6.0,26.81,46.58
2023-09-27,30.53,16.36,8.03,32.35,104.39
2023-09-28,32.56,16.77,9.29,55.11,95.13
2023-09-29,29.32,14.44,9.04,44.44,98.96
2023-09-30,17.48,9.98,6.58,38.83,71.99
2023-10-01,12.98,8.25,6.4,45.15,75.04
2023-10-02,19.73,9.93,53.86,63.89,69.46
2023-10-03,26.47,12.8,8.98,42.66,77.28
2023-10-04,14.87,7.0,7.15,31.16,67.15
2023-10-05,14.43,8.38,6.61,32.01,69.25
2023-10-06,23.84,10.97,6.64,34.61,62.07
2023-10-07,13.67,6.28,8.84,11.52,62.02
2023-10-08,5.75,4.02,7.48,25.11,61.48
2023-10-09,9.39,7.43,4.82,38.88,44.96
2023-10-10,18.85,14.32,5.55,48.15,40.39
2023-10-11,27.33,14.06,8.37,41.1,68.54
2023-10-12,24.65,12.31,8.12,45.37,60.07
2023-10-13,24.23,13.38,12.46,38.99,43.72
2023-10-14,19.29,9.15,11.46,14.41,65.77
2023-10-15,9.04,5.54,6.39,15.05,66.09
2023-10-16,11.79,7.15,6.12,45.9,58.11
2023-10-17,25.27,19.04,11.68,46.74,29.58
2023-10-18,28.86,23.07,11.64,44.48,54.04
2023-10-19,34.65,28.58,7.2,39.8,36.52
2023-10-20,35.54,30.79,4.89,19.95,7.61
2023-10-21,25.03,18.76,8.61,57.98,31.91
2023-10-22,16.89,14.51,6.22,42.31,47.34
2023-10-23,17.68,12.17,6.84,46.05,37.0
2023-10-24,24.55,18.17,8.92,34.07,29.22
2023-10-25,18.33,14.21,6.24,47.57,41.13
2023-10-26,14.58,10.76,6.22,37.04,24.61
2023-10-27,16.94,13.0,5.83,40.45,13.11
2023-10-28,9.12,6.65,6.03,34.32,35.34
2023-10-29,11.21,7.29,5.87,39.32,46.92
2023-10-30,16.21,8.9,5.58,44.47,42.69
2023-10-31,10.27,5.31,10.64,32.5,49.52
2023-11-01,9.8,6.94,6.96,38.67,55.84
2023-11-02,13.66,8.02,7.35,20.55,52.7
2023-11-03,7.72,5.8,8.46,37.01,59.08
2023-11-04,8.93,6.77,5.06,19.61,54.18
2023-11-05,7.85,5.89,7.85,20.12,49.89
2023-11-06,9.78,5.52,8.41,41.66,57.85
2023-11-07,10.97,6.45,6.4,42.03,52.69
2023-11-08,12.32,8.39,5.49,30.65,41.22
2023-11-09,14.77,9.71,9.18,28.27,47.58
2023-11-10,21.22,14.67,7.76,55.63,41.5
2023-11-11,36.39,30.84,4.87,41.83,11.92
2023-11-12,11.94,9.96,5.77,30.95,41.26
2023-11-13,16.92,11.61,5.39,38.27,41.52
2023-11-14,11.71,7.89,7.65,31.59,48.98
2023-11-15,8.55,5.49,7.36,41.5,49.5
2023-11-16,14.36,10.74,8.91,74.63,40.58
2023-11-17,16.14,13.77,7.17,42.84,34.3
2023-11-18,13.14,11.57,3.64,24.96,35.35
2023-11-19,16.42,14.59,5.99,30.44,31.55
2023-11-20,7.04,5.49,6.45,37.36,52.47
2023-11-21,12.06,10.35,6.64,28.77,54.88
2023-11-22,22.56,19.81,6.47,40.44,33.92
2023-11-23,18.71,14.13,11.44,53.1,38.55
2023-11-24,7.28,4.85,12.3,27.71,74.1
2023-11-25,7.24,6.05,11.7,18.02,61.1
2023-11-26,8.94,7.75,7.0,23.91,58.89
2023-11-27,20.0,15.55,8.96,50.11,31.7
2023-11-28,27.43,25.13,11.54,35.15,32.49
2023-11-29,28.2,24.32,7.19,50.1,29.45
2023-11-30,40.33,33.16,7.59,59.17,32.82
2023-12-01,60.43,56.5,8.65,38.68,11.58
2023-12-02,35.66,33.75,7.84,26.34,30.18
2023-12-03,15.02,13.92,4.7,33.24,33.49
2023-12-04,36.06,33.08,7.95,44.32,19.88
2023-12-05,48.305,43.94,32.01,74.92,26.4
2023-12-06,60.55,55.69,9.34,55.23,13.59
2023-12-07,64.31,59.7,8.17,43.13,9.55
2023-12-08,61.11,56.49,41.74,58.34,21.09
2023-12-09,26.5,24.38,9.43,46.95,19.17
2023-12-10,17.19,15.16,10.04,42.79,38.6
2023-12-11,9.28,6.94,9.83,30.13,55.77
2023-12-12,14.85,9.99,9.37,53.53,66.07
2023-12-13,31.1,27.24,9.79,45.21,18.52
2023-12-14,25.52,23.45,8.12,25.73,7.95
2023-12-15,23.91,18.5,6.75,37.0,12.74
2023-12-16,17.97,14.17,5.08,44.59,38.41
2023-12-17,14.03,11.46,6.33,47.19,52.09
2023-12-18,19.64,12.9,8.77,57.92,37.67
2023-12-19,29.95,17.3,8.75,66.1,26.78
2023-12-20,9.26,5.94,8.03,22.09,52.83
2023-12-21,8.15,4.46,12.37,24.34,59.43
2023-12-22,15.71,6.3,12.02,9.74,80.14
2023-12-23,8.94,7.06,10.49,16.05,77.66
2023-12-24,7.04,5.66,8.97,76.51,66.59
2023-12-25,3.43,2.97,9.91,6.61,71.36
2023-12-26,4.38,3.67,7.84,7.22,72.5
2023-12-27,17.34,10.54,6.82,66.41,71.43
2023-12-28,19.63,14.24,6.63,49.74,41.94
2023-12-29,11.59,8.06,7.0,29.58,48.5
2023-12-30,7.65,5.56,6.92,40.18,64.86
2023-12-31,28.63,25.13,9.97,43.53,39.04
2024-01-01,21.37,18.6,7.6,33.62,46.31
2024-01-02,10.33,7.8,8.0,36.7,52.35
2024-01-03,7.1,5.05,10.4,26.3,52.49
2024-01-04,5.03,3.51,10.3,36.1,60.82
2024-01-05,14.83,12.85,8.8,31.5,39.09
2024-01-06,29.09,26.8,8.4,25.9,42.71
2024-01-07,16.42,14.4,5.9,12.0,66.22
2024-01-08,36.72,30.53,6.2,45.4,45.98
2024-01-09,59.6,50.29,11.8,151.0,21.91
2024-01-10,131.37,115.3,15.1,82.9,14.38
2024-01-11,79.24,70.57,10.7,73.2,31.89
2024-01-12,15.45,13.58,3.5,27.7,40.96
2024-01-13,10.52,8.85,5.5,15.6,52.8
2024-01-14,8.22,7.45,6.7,14.9,53.91
2024-01-15,13.63,9.44,8.2,55.5,56.62
2024-01-16,15.0,10.14,6.8,54.2,56.42
2024-01-17,31.76,28.1,16.5,43.6,39.76
2024-01-18,26.75,24.8,10.1,35.8,37.3
2024-01-19,21.56,15.11,6.1,51.0,58.04
2024-01-20,14.23,10.23,4.0,27.7,68.88
2024-01-21,20.67,17.38,4.5,42.2,67.66
2024-01-22,21.58,13.88,4.8,50.4,54.85
2024-01-23,13.38,9.07,5.8,53.5,65.59
2024-01-24,10.0,6.67,8.1,26.2,75.84
2024-01-25,10.573636363636364,7.045909090909091,8.045454545454545,27.504545454545454,74.18363636363637
2024-01-26,11.147272727272728,7.421818181818182,7.99090909090909,28.80909090909091,72.52727272727273
2024-01-27,11.72090909090909,7.797727272727273,7.9363636363636365,30.113636363636363,70.8709090909091
2024-01-28,26.03,18.494999999999997,7.3,36.615,42.68000000000001
2024-01-29,14.92,11.835,8.43,32.81,56.58
2024-01-30,20.92,13.83,5.92,36.71,53.995000000000005
2024-01-31,30.034999999999997,18.235,8.129999999999999,41.05,65.22
2024-02-01,17.795,12.82,8.32,39.790000000000006,57.305
2024-02-02,15.780000000000001,10.885,5.41,29.535,64.125
2024-02-03,18.78,13.835,8.465,46.14,61.230000000000004
2024-02-04,16.335,12.68,5.35,51.425,57.275
2024-02-05,24.770000000000003,21.515,7.59,37.65,54.03
2024-02-06,26.66,20.884999999999998,6.914999999999999,29.885,52.225
2024-02-07,32.644999999999996,21.12,11.83,30.5,52.59
2024-02-08,37.334999999999994,29.520000000000003,11.065000000000001,35.86,55.7
2024-02-09,42.864999999999995,35.375,10.205,41.56,51.44
2024-02-10,35.45,32.14,9.2,35.56,52.96
2024-02-11,25.244999999999997,20.384999999999998,7.125,28.645,53.625
2024-02-12,19.21,15.425,10.379999999999999,40.4,64.225
2024-02-13,17.615000000000002,14.065000000000001,8.155,39.185,60.239999999999995
2024-02-14,22.7,18.564999999999998,8.844999999999999,36.065,60.019999999999996
2024-02-15,22.62,14.94,6.9,54.9,39.4
2024-02-16,23.06,15.84,7.9,35.3,62.64
2024-02-17,11.85,9.1,6.1,29.6,67.5
2024-02-18,12.87,10.55,5.8,15.8,68.32
2024-02-19,13.59,10.43,7.0,34.9,55.44
2024-02-20,10.38,7.41,6.9,22.4,63.61
2024-02-21,17.36,12.48,6.3,45.3,60.69
2024-02-22,12.56,9.12,18.5,65.9,59.06
2024-02-23,10.09,6.44,9.6,34.9,72.58
2024-02-24,11.08,8.65,8.7,35.4,78.34
2024-02-25,26.34,22.08,10.1,56.2,58.66
2024-02-26,28.18,20.7,14.3,71.7,72.04
2024-02-27,45.51,38.28,11.1,52.6,38.66
2024-02-28,26.54,24.14,5.7,23.3,38.81
2024-02-29,29.85,26.61,6.7,35.0,54.51
2024-03-01,47.02,39.27,13.8,34.1,64.78
2024-03-02,46.62,38.85,11.4,31.3,59.4
2024-03-03,21.35,17.68,13.9,19.6,84.95
2024-03-04,38.93,32.01,11.7,28.3,70.19
2024-03-05,33.82,27.24,6.6,41.9,49.66
2024-03-06,31.94,27.65,5.5,30.6,53.21
2024-03-07,28.76,23.26,4.6,20.9,76.11
2024-03-08,38.97,31.62,5.4,90.8,81.62
2024-03-09,35.72,29.39,12.1,29.7,82.76
2024-03-10,19.49,16.42,8.6,13.3,80.46
2024-03-11,23.4,18.22,8.2,58.7,75.51
2024-03-12,46.56,38.81,5.8,44.1,41.18
2024-03-13,27.35,19.69,5.8,36.6,65.44
2024-03-14,37.29,28.03,8.2,39.9,76.45
2024-03-15,30.8,22.79,7.4,37.6,70.1
2024-03-16,12.66,9.09,6.4,52.1,86.85
2024-03-17,8.99,6.59,5.1,12.8,94.19
2024-03-18,10.03,7.39,4.2,49.3,80.26
2024-03-19,23.47,17.57,6.3,55.0,69.1
2024-03-20,48.19,33.39,8.9,74.3,65.86
2024-03-21,52.52,38.46,7.6,63.0,55.72
2024-03-22,18.55,12.39,13.3,33.2,68.19
2024-03-23,15.57,13.31,10.1,88.4,87.82
2024-03-24,8.92,7.15,8.9,18.2,94.0
2024-03-25,10.22,6.58,7.4,61.1,73.25
2024-03-26,20.81,14.84,11.1,55.0,95.72
2024-03-27,17.27,8.27,12.4,18.5,93.82
2024-03-28,19.47,9.11,13.9,20.5,96.51
2024-03-29,12.34,6.13,7.8,24.1,96.94
2024-03-30,80.66,25.58,8.4,14.7,86.44
2024-03-31,102.87,32.02,8.5,69.8,90.51
2024-04-01,64.28,22.65,11.6,12.0,84.21
2024-04-02,9.56,5.03,6.3,84.1,96.57
2024-04-03,10.02,5.11,5.8,31.2,95.78
2024-04-04,10.94,6.8,6.3,37.0,82.65
2024-04-05,11.69,6.15,5.1,22.5,94.15
2024-04-06,11.95,6.25,5.2,66.0,103.38
2024-04-07,23.29,12.56,7.3,121.2,95.83
2024-04-08,24.55,10.28,7.9,58.0,105.91
2024-04-09,28.71,11.52,11.4,113.4,115.01
2024-04-10,13.86,6.59,5.0,15.9,94.1
2024-04-11,18.46,10.41,6.4,51.2,105.4
2024-04-12,22.05,9.73,6.4,55.2,104.02
2024-04-13,19.45,8.95,6.6,34.6,95.99
2024-04-14,18.42,8.41,7.3,29.3,99.82
2024-04-15,15.73,10.32,9.6,57.2,86.64
2024-04-16,18.89,6.1,9.3,18.4,100.86
2024-04-17,8.63,6.41,7.2,63.2,87.86
2024-04-18,11.1,8.84,7.0,23.1,86.31
2024-04-19,11.31,7.65,9.5,26.1,89.99
2024-04-20,8.93,7.17,7.5,13.5,72.96
2024-04-21,12.1,9.88,6.6,11.5,96.72
2024-04-22,12.37,9.46,5.6,85.9,92.94
2024-04-23,24.46,20.14,5.7,46.7,103.71
2024-04-24,23.65,18.46,7.5,34.8,100.38
2024-04-25,21.9,14.01,7.1,44.7,94.62
2024-04-26,14.61,8.41,6.9,34.8,108.42
2024-04-27,15.2,10.35,6.8,20.9,121.29
2024-04-28,16.87,9.56,6.9,21.7,114.18
2024-04-29,23.56,11.06,7.4,38.6,120.59
2024-04-30,20.84,11.56,7.1,90.8,130.4
2024-05-01,19.05,8.5,8.1,20.2,138.66
2024-05-02,21.35,8.78,9.2,14.5,123.45
2024-05-03,15.38,8.09,8.7,12.8,129.05
2024-05-04,15.6,9.98,9.7,46.3,108.32
2024-05-05,18.61,12.22,9.4,48.8,116.32
2024-05-06,13.98,9.02,7.6,39.5,67.25
2024-05-07,12.07,9.13,6.5,41.7,86.26
2024-05-08,15.84,8.4,4.9,23.0,111.51
2024-05-09,14.8,7.37,6.1,67.6,114.43
2024-05-10,21.05,10.42,6.0,64.2,118.59
2024-05-11,25.06,15.19,6.7,72.5,99.12
2024-05-12,11.26,5.91,5.8,23.1,119.61
2024-05-13,15.93,6.98,7.1,22.2,121.71
2024-05-14,14.91,6.3,7.2,20.4,121.62
2024-05-15,22.56,7.71,6.9,10.8,116.28
2024-05-16,30.09,8.64,6.8,17.3,124.28
2024-05-17,22.32,8.67,7.2,17.1,111.1
2024-05-18,11.76,8.07,6.2,19.0,87.69
2024-05-19,9.65,6.79,7.0,49.4,95.11
2024-05-20,10.65,6.62,7.7,39.0,119.75
2024-05-21,19.37,11.69,8.9,47.0,130.78
2024-05-22,22.11,8.71,8.1,20.1,108.5
2024-05-23,17.5,8.68,7.3,27.2,102.56
2024-05-24,17.88,13.45,6.0,22.1,106.2
2024-05-25,12.89,8.29,6.3,22.2,114.07
2024-05-26,13.16,8.72,6.6,21.3,132.39
2024-05-27,17.49,9.05,7.1,43.6,119.75
2024-05-28,17.76,9.59,7.6,56.3,105.3
2024-05-29,13.56,9.02,8.4,64.1,117.46
2024-05-30,19.26,12.96,8.4,43.1,106.48
2024-05-31,20.55,14.43,6.6,33.3,102.61
2024-06-01,12.56,8.96,5.9,29.8,96.55
2024-06-02,18.01,12.3,5.9,16.6,104.98
2024-06-03,21.28,14.5,4.5,14.9,95.98
2024-06-04,15.02,9.83,4.9,37.5,87.72
2024-06-05,18.25,11.27,7.9,33.6,119.51
2024-06-06,11.95,7.66,6.2,83.7,108.71
2024-06-07,17.74,10.63,7.0,77.8,113.0
2024-06-08,16.52,11.45,7.3,35.9,128.19
2024-06-09,14.83,9.76,6.9,17.6,108.55
2024-06-10,14.58,9.08,7.1,33.3,110.84
2024-06-11,21.43,8.25,6.3,31.4,98.01
2024-06-12,16.7,6.76,7.1,23.1,96.84
2024-06-13,16.07,7.81,5.0,34.5,96.42
2024-06-14,12.83,8.27,5.1,118.0,112.02
2024-06-15,13.11,8.09,7.8,23.5,107.89
2024-06-16,11.06,8.03,6.5,32.8,100.11
2024-06-17,12.5,6.45,7.0,30.5,94.96
2024-06-18,13.72,6.13,6.9,28.9,102.08
2024-06-19,15.31,8.5,6.7,15.9,103.92
2024-06-20,14.97,8.51,4.3,63.1,111.55
2024-06-21,20.91,11.05,7.0,19.6,137.0
2024-06-22,14.28,8.64,6.9,68.9,106.55
2024-06-23,12.18,7.83,6.1,24.0,119.49
2024-06-24,11.18,6.78,5.1,25.1,97.69
2024-06-25,14.88,8.37,6.1,24.0,113.09
2024-06-26,15.88,10.1,16.0,86.9,104.11
2024-06-27,16.88,12.55,32.6,55.6,12.8
2024-06-28,17.88,10.93,24.3,64.6,148.48
2024-06-29,18.88,13.08,7.1,143.3,137.77
2024-06-30,27.01,14.3,8.2,27.1,126.88
2024-07-01,11.34,6.61,8.1,15.6,98.01
2024-07-02,11.62,5.76,7.0,11.4,83.18
2024-07-03,12.2,6.71,7.0,38.5,86.82
2024-07-04,11.14,6.34,14.9,42.2,89.91
2024-07-05,14.14,7.67,7.4,72.5,89.92
2024-07-06,12.940000000000001,8.62,10.3,66.3,99.24000000000001
2024-07-07,11.74,6.04,46.5,92.7,108.56
2024-07-08,15.56,8.52,18.0,23.2,104.76
2024-07-09,22.82,12.85,5.7,28.0,134.38
2024-07-10,40.65,18.06,5.1,21.1,134.86
2024-07-11,15.33,9.5,5.5,23.0,124.38
2024-07-12,17.5,11.29,7.1,33.8,110.69
2024-07-13,10.93,6.19,5.8,15.7,115.98
2024-07-14,9.21,6.52,6.2,130.6,123.77
2024-07-15,11.79,6.34,7.0,32.5,126.46
2024-07-16,22.37,11.53,6.9,47.1,125.5
2024-07-17,16.75,6.68,5.3,35.9,97.25
2024-07-18,13.59,6.1,4.7,28.3,114.18
2024-07-19,17.58,7.43,5.1,42.4,125.86
2024-07-20,18.4,9.05,6.6,29.3,129.55
2024-07-21,23.45,13.3,7.9,38.6,158.44
2024-07-22,23.45,15.09,7.1,55.5,130.86
2024-07-23,15.07,6.7,7.2,22.6,106.36
2024-07-24,13.82,7.26,6.1,20.8,99.95
2024-07-25,15.01,7.44,7.3,43.0,88.56
2024-07-26,18.56,8.96,8.9,44.2,114.84
2024-07-27,19.63,10.78,43.7,33.1,134.41
2024-07-28,13.03,8.15,5.8,18.3,112.21
2024-07-29,14.95,6.3,5.4,83.0,81.75
2024-07-30,16.65,6.81,7.3,42.0,111.01
2024-07-31,19.53,9.4,8.0,96.4,133.12
2024-08-01,21.28,10.62,8.8,63.7,151.31
2024-08-02,17.84,12.78,7.8,39.7,133.26
2024-08-03,16.35,9.4,8.1,63.3,102.91
2024-08-04,15.25,10.33,8.7,23.7,113.49
2024-08-05,16.88,6.85,6.9,36.9,98.24
2024-08-06,16.65,11.16,7.7,58.5,93.0
2024-08-07,20.16,13.85,7.1,113.4,126.0
2024-08-08,23.38,15.45,5.2,46.6,107.68
2024-08-09,20.74,13.01,7.5,40.6,105.14
2024-08-10,18.32,11.84,6.5,52.4,99.56
2024-08-11,19.38,12.82,5.3,47.0,103.89
2024-08-12,19.68,11.42,26.8,46.5,110.24
2024-08-13,21.5,12.89,6.7,100.2,124.87
2024-08-14,25.88,11.8,7.6,13.3,127.84
2024-08-15,24.02,14.28,5.7,40.7,139.44
2024-08-16,27.6,16.81,6.3,63.1,162.21
2024-08-17,24.21,16.53,7.1,53.0,137.43
2024-08-18,17.7,12.5,9.1,22.3,145.38
2024-08-19,17.35,10.85,7.4,29.4,123.26
2024-08-20,18.16,11.9,6.5,18.4,107.0
2024-08-21,22.42,15.67,6.0,55.5,99.83
2024-08-22,21.1,12.08,6.4,44.4,92.66
2024-08-23,28.48,15.29,8.2,60.7,116.975
2024-08-24,23.05,14.34,8.0,41.4,141.29
2024-08-25,25.24,14.27,7.7,17.3,117.42
2024-08-26,14.28,10.49,6.3,36.5,79.42
2024-08-27,19.94,12.5,7.0,36.1,96.54
2024-08-28,29.99,18.73,7.0,109.5,132.31
2024-08-29,37.69,24.3,7.9,91.4,135.815
2024-08-30,37.92,21.84,8.8,73.0,139.32
2024-08-31,34.32333333333334,19.55,5.9,85.4,137.57666666666665
2024-09-01,30.726666666666667,13.19,10.6,60.1,135.83333333333334
2024-09-02,27.13,16.26,7.9,41.8,134.09
2024-09-03,38.13,24.43,6.9,163.4,149.73
2024-09-04,41.51,21.4,7.7,40.2,132.79
2024-09-05,44.2,28.66,25.8,128.8,129.5
2024-09-06,46.89,25.45,6.3,71.2,126.21
2024-09-07,35.99,18.12,7.3,24.6,144.36
2024-09-08,37.17,20.56,8.1,17.3,134.55
2024-09-09,27.07,13.66,9.7,30.9,108.26
2024-09-10,19.59,12.26,5.7,37.0,60.45
2024-09-11,19.2,11.42,6.9,28.9,65.28
2024-09-12,9.52,8.21,4.4,47.4,56.92
2024-09-13,9.37,8.92,5.2,52.6,59.695
2024-09-14,10.02,8.46,4.8,68.7,62.47
2024-09-15,12.88,10.02,5.5,67.7,70.515
2024-09-16,32.12,17.23,6.8,46.5,78.56
2024-09-17,45.3,27.53,8.0,38.1,99.66
2024-09-18,45.75,35.73,10.9,37.5,101.04
2024-09-19,29.54,20.99,5.7,49.8,80.36
2024-09-20,37.79,26.28,10.5,112.5,91.24000000000001
2024-09-21,31.28,19.99,8.7,60.8,102.12
2024-09-22,28.25,20.11,7.1,26.4,115.56
2024-09-23,31.3,17.94,8.1,40.9,88.25
2024-09-24,26.65,16.55,10.1,48.3,70.76
2024-09-25,14.74,9.51,8.6,43.5,82.9
2024-09-26,18.72,10.63,10.2,36.7,69.49
2024-09-27,11.17,7.26,10.2,23.9,78.29
2024-09-28,11.37,8.05,7.5,71.8,69.35
2024-09-29,11.54,8.58,5.4,30.0,67.47
2024-09-30,17.21,12.83,8.1,31.1,74.11
2024-10-01,24.33,16.72,8.0,40.7,52.1
2024-10-02,23.54,18.95,7.1,34.7,37.76
2024-10-03,16.11,12.48,6.3,23.5,46.55
2024-10-04,18.46,13.84,5.8,24.3,39.09
2024-10-05,19.895,15.71,5.9,52.1,34.235
2024-10-06,21.33,18.15,6.2,28.8,29.38
2024-10-07,19.72,14.55,8.2,35.2,54.06
2024-10-08,21.72,13.12,10.2,32.8,59.11
2024-10-09,16.73,11.16,9.8,45.3,59.04
2024-10-10,16.86,9.67,11.7,40.8,50.35
2024-10-11,18.82,12.92,7.6,66.7,59.44500000000001
2024-10-12,21.23,15.86,6.4,29.8,68.54
2024-10-13,14.8,11.17,7.1,42.4,76.86
2024-10-14,24.47,12.09,5.7,71.9,71.85
2024-10-15,28.76,18.45,7.3,65.8,55.94
2024-10-16,32.16,25.54,6.1,35.8,66.24
2024-10-17,23.7,14.94,7.1,39.4,66.5
2024-10-18,25.65,14.7,8.5,35.2,75.19
2024-10-19,26.8,18.28,9.5,50.2,68.97
2024-10-20,26.78,20.62,7.0,56.8,71.9
2024-10-21,34.67,18.88,8.4,63.6,73.15
2024-10-22,34.05,20.52,8.9,54.3,58.71
2024-10-23,29.13,18.08,5.2,72.7,49.41
2024-10-24,31.91,24.34,8.6,42.2,56.24
2024-10-25,40.1,27.46,10.7,45.9,56.75
2024-10-26,40.931666666666665,27.346,8.661999999999999,44.96,52.97666666666667
2024-10-27,41.763333333333335,27.232,6.624,44.02,49.20333333333333
2024-10-28,42.595,27.118000000000002,4.586,43.08,45.43
2024-10-29,21.46,10.87,5.58,45.1,42.69
2024-10-30,23.1,26.89,0.51,41.2,49.52
2024-10-31,27.21,20.65,7.4,63.0,43.21
2024-11-01,25.58,22.41,6.3,58.4,37.905
2024-11-02,19.905,19.51,8.2,78.1,39.15
2024-11-03,19.325,38.21,3.6,69.9,38.375
2024-11-04,14.585,18.95,48.4,36.9,46.915
2024-11-05,18.3,31.98,8.5,43.7,51.81
2024-11-06,50.08,42.32,7.9,37.1,11.47
2024-11-07,34.81,29.34,5.3,29.7,8.31
2024-11-08,35.22,30.97,8.9,26.5,37.64
2024-11-09,41.7,36.77,8.8,35.8,24.35
2024-11-10,49.44,43.82,8.8,30.4,16.51
2024-11-11,51.22,45.74,7.1,25.7,31.74
2024-11-12,31.85,26.36,5.8,56.5,37.73
2024-11-13,23.65,20.02,8.0,33.1,26.99
2024-11-14,19.5,15.7,8.6,32.1,24.41
2024-11-15,24.18,15.01,9.7,25.5,50.09
2024-11-16,28.42,20.6,17.0,33.0,52.82
2024-11-17,24.35,21.25,11.6,37.3,38.52
2024-11-18,13.97,9.93,11.9,31.7,60.75
2024-11-19,20.84,12.8,14.9,52.7,48.22
2024-11-20,17.49,10.34,23.0,43.7,54.84
2024-11-21,17.296666666666667,9.83,40.8,58.1,54.51
2024-11-22,17.10333333333333,13.86,47.2,77.7,35.35
2024-11-23,16.91,12.78,9.6,32.6,60.14
2024-11-24,19.64,16.03,9.7,46.4,52.08
2024-11-25,24.92,15.22,11.1,30.4,50.98
2024-11-26,34.39,23.01,10.2,50.4,52.21
2024-11-27,31.77,24.83,9.1,44.3,28.53
2024-11-28,14.68,11.37,11.3,29.9,55.75
2024-11-29,14.52,12.29,9.9,30.0,51.75
2024-11-30,27.63,23.2,5.1,34.0,35.02
2024-12-01,43.98,40.08,9.6,29.5,15.89
2024-12-02,43.9,32.85,14.7,43.7,16.12
2024-12-03,22.81,17.13,17.2,39.6,42.41
2024-12-04,26.67,18.47,12.7,55.7,22.28
2024-12-05,29.18,25.06,9.1,46.9,12.28
2024-12-06,25.33,21.34,13.7,47.2,33.75
2024-12-07,20.79,17.8,14.3,41.4,18.61
2024-12-08,26.92,24.48,14.8,20.0,21.44
2024-12-09,21.92,20.19,10.1,22.7,24.05
2024-12-10,18.42,16.96,7.7,19.9,32.54
2024-12-11,18.84,17.15,7.3,24.3,27.59
2024-12-12,20.45,17.65,6.8,30.3,36.65
2024-12-13,34.0,26.35,7.5,27.7,33.5
2024-12-14,26.13,22.35,10.9,30.2,33.83
2024-12-15,12.42,11.35,10.8,12.4,49.8
2024-12-16,11.78,7.64,9.4,16.4,48.15
2024-12-17,15.08,10.24,8.2,21.4,54.94
2024-12-18,19.85,12.69,10.5,41.6,48.06
2024-12-19,21.8,12.9,15.5,47.6,45.59
2024-12-20,17.63,10.98,13.6,72.5,62.12
2024-12-21,15.82,11.68,9.0,26.0,54.12
2024-12-22,10.19,8.62,14.0,24.2,55.51
2024-12-23,21.55,14.75,12.7,56.6,55.44
2024-12-24,14.5,12.22,8.1,18.2,39.26
2024-12-25,20.3,17.56,4.6,54.3,46.21
2024-12-26,48.23,42.95,9.8,47.4,32.1
2024-12-27,95.13,86.15,11.5,42.3,5.0
2024-12-28,155.33,142.57,24.2,54.9,19.25
2024-12-29,46.87,43.25,13.5,40.5,15.98
2024-12-30,31.97,27.4,12.5,38.9,18.64
2024-12-31,49.58,43.63,13.5,49.3,19.71
2025-01-01,26.13,18.73,18.0,37.2,65.76
2025-01-02,17.26,9.82,10.4,27.8,70.06
2025-01-03,12.77,8.75,9.2,23.2,64.99
2025-01-04,20.04,12.87,8.3,70.3,69.95
2025-01-05,31.64,23.68,10.3,24.1,38.94
2025-01-06,18.67,14.54,12.6,32.0,42.12
2025-01-07,16.0,11.12,12.0,40.6,52.54
2025-01-08,13.55,9.63,9.9,46.6,61.1
2025-01-09,17.79,12.06,13.5,42.8,44.78
2025-01-10,10.16,7.97,11.8,23.6,56.39
2025-01-11,11.17,8.89,10.6,55.7,55.41
2025-01-12,8.49,7.32,7.6,6.3,67.41
2025-01-13,14.98,11.38,4.3,25.2,68.96
2025-01-14,35.15,21.39,8.3,56.7,56.9
2025-01-15,14.74,10.89,8.7,25.7,48.92
2025-01-16,18.03,12.73,5.8,25.6,40.21
2025-01-17,34.19,21.56,6.7,47.6,38.38
2025-01-18,57.77,37.37,8.2,50.7,13.71
2025-01-19,72.98,56.91,18.6,39.5,17.46
2025-01-20,41.6,26.85,9.0,40.5,28.02
2025-01-21,44.77,27.68,7.9,41.0,19.62
2025-01-22,58.77,40.84,8.7,35.3,12.72
2025-01-23,27.63,17.27,8.5,43.8,24.2
2025-01-24,21.68,14.18,8.7,38.2,38.81
2025-01-25,21.42,14.44,8.1,27.1,42.8
2025-01-26,19.79,15.71,22.9,30.8,40.52
2025-01-27,24.55,15.29,10.1,45.4,41.44
2025-01-28,26.7,17.45,13.2,48.3,28.59
2025-01-29,14.15,10.16,31.8,33.2,47.92
2025-01-30,35.15,15.63,8.4,55.3,47.55
2025-01-31,23.59,15.89,6.9,39.2,62.25
2025-02-01,15.61,10.16,5.0,43.7,57.58
2025-02-02,23.53,15.9,6.4,40.7,52.48
2025-02-03,30.53,19.83,42.7,64.6,48.96
2025-02-04,55.31,31.26,7.1,55.9,51.21
2025-02-05,60.15,39.81,7.7,44.1,36.01
2025-02-06,27.06,20.13,3.1,47.8,27.19
2025-02-07,30.9,22.8,18.7,30.9,43.82
2025-02-08,34.8,24.93,9.1,29.0,40.25
2025-02-09,50.2,36.49,10.7,36.1,37.96
2025-02-10,54.32,39.12,28.0,31.0,43.57
2025-02-11,44.4,29.94,11.8,23.7,49.19
2025-02-12,54.38,35.74,12.1,29.9,55.05
2025-02-13,39.88,28.21,9.5,43.2,54.09
2025-02-14,39.63,28.86,8.7,39.2,46.91
2025-02-15,20.99,14.26,7.7,28.4,64.76
2025-02-16,31.99,23.25,6.8,52.4,63.56
2025-02-17,54.28,37.02,8.5,64.4,55.78
2025-02-18,57.5,38.35,43.3,63.1,63.23
2025-02-19,50.43,30.03,8.2,67.2,58.94
2025-02-20,60.76,38.24,9.1,43.7,69.29
2025-02-21,53.01,30.01,7.8,34.5,62.84
2025-02-22,45.42,27.65,11.0,54.0,80.04
2025-02-23,42.75,27.78,9.7,53.9,48.85
2025-02-24,39.81,26.52,9.1,59.6,51.46
2025-02-25,61.58,38.26,46.1,48.7,34.74
2025-02-26,53.32,34.73,9.3,43.7,37.92
2025-02-27,31.0,20.23,8.6,40.0,58.58
2025-02-28,25.1,15.98,7.5,52.4,54.85
2025-03-01,18.17,12.68,5.1,25.3,60.76
2025-03-02,22.02,16.21,3.4,17.5,54.84
2025-03-03,24.92,14.85,64.0,34.3,64.66
2025-03-04,35.43,18.03,9.2,63.2,67.54
2025-03-05,71.48,31.13,22.3,90.2,70.05
2025-03-06,54.84,28.35,13.8,68.5,76.57
2025-03-07,73.2,39.76,11.8,93.0,93.18
2025-03-08,70.15,45.7,13.3,80.5,102.32
2025-03-09,51.55,32.09,15.5,30.0,109.29
2025-03-10,91.06,33.31,16.4,105.4,85.28
2025-03-11,75.52,41.05,17.4,80.9,57.95
2025-03-12,60.03,36.6,17.7,66.1,65.49
2025-03-13,32.7,27.06,15.3,27.7,34.26
2025-03-14,24.27,17.54,12.5,45.1,68.48
2025-03-15,25.3,18.45,13.4,31.4,74.39
2025-03-16,24.92,17.49,12.1,53.1,88.05
2025-03-17,20.11,11.73,8.8,51.8,71.09
2025-03-18,33.79,18.28,5.9,82.6,77.04
2025-03-19,35.78,46.64,63.2,86.6,92.48
2025-03-20,37.769999999999996,43.09,100.6,93.7,100.87
2025-03-21,39.76,37.89,48.6,107.9,108.25
2025-03-22,41.75,26.11,10.6,30.3,109.8
2025-03-23,32.31,22.7,11.2,22.9,93.85
2025-03-24,37.46,26.03,9.8,32.4,34.5
2025-03-25,46.06,26.56,9.7,82.8,85.44
2025-03-26,41.57,25.92,10.3,66.2,67.42
2025-03-27,23.09,14.78,7.2,62.4,66.29
2025-03-28,37.88,28.2,45.2,62.6,84.71
2025-03-29,43.47,28.54,13.2,31.3,84.06
2025-03-30,23.33,12.95,10.1,13.8,85.28
2025-03-31,17.39,11.05,8.9,24.9,71.45
2025-04-01,26.52,14.19,5.5,39.3,71.71
2025-04-02,30.15,17.4,6.0,41.8,81.01
2025-04-03,29.25,12.77,6.5,71.0,82.09
2025-04-04,36.38,18.25,13.4,98.8,87.5
2025-04-05,30.89,11.97,9.9,28.3,82.56
2025-04-06,14.24,8.28,5.8,16.8,86.48
2025-04-07,14.75,8.99,5.0,19.0,75.85
2025-04-08,21.03,11.2,4.6,64.5,80.69
2025-04-09,31.66,14.73,7.9,48.9,83.11
2025-04-10,20.94,9.71,6.7,19.2,84.79
2025-04-11,35.39,15.06,7.5,11.8,75.66
2025-04-12,25.03,15.9,26.4,44.8,85.82
2025-04-13,28.48,16.18,7.8,23.8,95.55
2025-04-14,29.88,14.52,7.5,76.9,105.26
2025-04-15,24.15,12.18,7.6,26.4,72.71
2025-04-16,27.93,13.83,7.7,29.2,90.64
2025-04-17,23.55,12.08,7.85,54.4,98.71
2025-04-18,19.17,10.99,8.0,17.3,74.06
2025-04-19,12.11,9.01,11.1,71.1,65.52
2025-04-20,13.6,9.56,9.5,17.9,101.21
2025-04-21,17.12,11.27,9.8,18.2,99.08
2025-04-22,17.61,11.1,7.9,58.1,89.3
2025-04-23,23.5,13.24,7.3,31.8,90.98
2025-04-24,21.61,14.16,6.3,27.2,65.74
2025-04-25,18.29,17.46,6.15,57.6,68.4
2025-04-26,14.97,9.43,6.0,21.5,92.4
2025-04-27,18.85,11.93,8.6,66.1,99.96
2025-04-28,25.3,12.35,7.0,67.9,101.85
2025-04-29,35.96,14.37,7.1,73.3,118.49
2025-04-30,25.97,11.77,6.1,71.7,92.46
2025-05-01,22.05,12.35,6.6,55.4,102.56
2025-05-02,24.68,12.64,12.0,18.8,127.39
2025-05-03,23.73,12.69,10.6,15.1,115.66
2025-05-04,14.69,9.23,10.6,74.0,78.33
2025-05-05,11.47,8.02,6.6,22.3,65.06
2025-05-06,17.22,10.64,7.0,58.2,86.99
2025-05-07,17.62,10.98,4.6,53.6,79.39
2025-05-08,17.1,10.15,4.5,46.0,88.51
2025-05-09,23.14,12.23,5.0,44.0,91.86
2025-05-10,16.6,9.62,8.2,23.6,71.0
2025-05-11,13.61,9.88,4.2,20.5,95.75
2025-05-12,18.19,12.51,67.8,85.9,98.34
2025-05-13,20.24,11.2,5.4,78.9,111.88
2025-05-14,35.18,13.3,121.9,41.3,103.02
2025-05-15,14.02,8.27,6.7,22.4,88.74
2025-05-16,15.38,8.85,6.1,27.0,70.36
2025-05-17,12.27,8.38,7.1,9.4,69.68
2025-05-18,10.52,8.08,6.3,11.0,74.71
2025-05-19,12.52,8.89,8.9,46.4,62.16
2025-05-20,19.86,12.03,6.7,36.4,89.36
2025-05-21,21.25,12.36,7.9,38.0,85.35
2025-05-22,21.38,12.54,7.9,26.3,66.91
2025-05-23,19.3,9.01,6.8,37.6,83.25
2025-05-24,15.36,9.2,7.1,51.9,85.05
2025-05-25,16.81,10.55,7.9,30.9,105.7
2025-05-26,22.46,10.97,7.2,64.1,82.55
2025-05-27,23.24,12.29,15.8,73.5,97.22
2025-05-28,19.18,10.18,6.7,39.4,73.81
2025-05-29,18.34,8.72,6.7,28.1,79.99
2025-05-30,18.35,10.3,5.6,46.1,64.11
2025-05-31,18.35,10.65,7.0,24.3,85.86
2025-06-01,19.37,11.88,7.9,18.3,82.9
2025-06-02,19.57,10.43,30.0,23.4,87.99
2025-06-03,31.78,17.06,18.7,80.8,117.51
2025-06-04,25.29,13.26,15.5,138.4,118.78
2025-06-05,17.87,9.85,9.5,22.7,100.86
2025-06-06,20.25,10.05,14.5,56.2,85.61
2025-06-07,15.85,8.24,8.7,21.4,62.19
2025-06-08,14.69,9.07,10.7,13.5,79.3
2025-06-09,18.25,8.9,6.7,24.5,83.39
2025-06-10,24.67,14.31,12.4,25.1,101.1
2025-06-11,21.12,13.12,9.6,82.7,96.26
2025-06-12,23.3,12.45,6.1,51.1,108.29
2025-06-13,14.28,9.0,5.4,36.5,111.05
2025-06-14,22.07,13.03,6.6,19.1,143.32
2025-06-15,22.34,13.91,9.3,24.5,171.3
2025-06-16,23.3,12.9,6.2,12.6,143.11
2025-06-17,23.9,12.13,6.1,56.1,105.78
2025-06-18,31.7,15.25,8.7,60.1,140.26
2025-06-19,22.5,12.74,33.0,53.1,112.59
2025-06-20,18.69,9.4,6.4,28.6,95.6
2025-06-21,19.85,10.74,6.9,44.8,119.65
2025-06-22,18.85,11.34,8.2,29.6,141.32
2025-06-23,31.72,13.76,87.6,87.1,120.88
2025-06-24,25.08,9.95,8.2,23.4,115.71
2025-06-25,27.23,9.83,8.6,25.8,99.71
2025-06-26,25.35,11.52,9.8,119.8,114.31
2025-06-27,22.96,10.85,7.1,13.2,106.92
2025-06-28,17.31,10.44,7.3,37.0,100.88
2025-06-29,16.79,10.38,8.0,19.0,89.11
2025-06-30,24.48,10.7,7.4,16.3,99.41
2025-07-01,23.23,10.66,8.9,49.3,117.49
2025-07-02,22.23,10.1,86.6,61.2,129.89
2025-07-03,32.34,13.12,6.7,32.5,127.16
2025-07-04,23.6,10.7,11.2,51.4,96.0
2025-07-05,22.2,10.95,7.5,54.1,129.48
2025-07-06,22.42,12.2,9.3,22.3,149.79
2025-07-07,18.07,10.57,8.2,25.9,127.46
2025-07-08,17.79,9.8,7.4,16.7,79.47
2025-07-09,17.8,9.21,5.4,9.8,76.44
2025-07-10,16.47,8.61,5.3,7.9,76.36
2025-07-11,17.49,9.55,9.7,73.6,75.87
2025-07-12,13.64,8.5,6.6,18.9,71.57
2025-07-13,15.42,9.75,7.3,14.7,87.22
2025-07-14,24.36,11.79,8.1,37.5,122.82
2025-07-15,27.55,13.38,7.2,20.1,114.02
2025-07-16,21.44,10.34,7.3,28.3,89.71
2025-07-17,17.15,10.17,6.3,36.6,71.8
2025-07-18,17.45,9.67,7.4,40.2,98.61
2025-07-19,18.34,11.52,27.4,32.0,99.15
2025-07-20,21.93,13.3,9.6,43.1,107.58
2025-07-21,26.52,13.62,11.4,42.1,151.26
2025-07-22,17.4,7.94,7.8,19.7,101.8
2025-07-23,16.22,8.53,7.5,23.3,89.31
2025-07-24,21.73,9.99,7.9,24.4,103.79
2025-07-25,21.88,11.34,7.6,39.2,93.68
2025-07-26,20.95,13.3,7.9,93.3,91.37
2025-07-27,16.07,10.95,8.4,19.1,74.14
2025-07-28,18.26,11.35,8.7,10.8,70.41
2025-07-29,23.27,10.12,68.8,27.8,72.19
2025-07-30,20.57,9.19,8.1,24.4,95.01
2025-07-31,20.42,9.67,8.0,24.2,87.32
2025-08-01,17.83,9.55,8.1,38.7,76.14
2025-08-02,17.19,10.54,35.4,33.1,92.29
2025-08-03,13.27,9.43,7.7,66.3,68.79
2025-08-04,16.06,9.29,7.4,26.1,70.36
2025-08-05,16.7,9.4,7.3,20.6,70.56
2025-08-06,21.07,10.55,5.7,69.7,79.53
2025-08-07,19.0,9.39,11.6,41.3,102.3
2025-08-08,34.65,12.3,8.5,66.4,107.41
2025-08-09,28.75,13.44,9.7,59.5,135.95
2025-08-10,28.97,14.75,14.4,68.0,116.25
2025-08-11,22.59,10.62,7.0,46.8,104.55
2025-08-12,22.79,10.98,7.5,53.8,141.68
2025-08-13,29.14,13.68,7.5,27.4,142.26
2025-08-14,31.12,15.68,7.6,30.0,166.8
2025-08-15,29.006,18.23,7.64,129.9,152.92
2025-08-16,26.892000000000003,14.59,7.68,66.5,124.29
2025-08-17,24.778000000000002,10.44,7.72,47.2,106.39
2025-08-18,20.5,8.67,6.42,59.6,77.66
2025-08-19,20.55,9.66,7.8,48.9,112.0
2025-08-20,29.05,11.55,10.1,40.7,124.35
2025-08-21,19.65,8.8,8.2,59.8,97.75
2025-08-22,21.27,8.63,7.0,44.6,87.55
2025-08-23,24.88,8.3,6.2,15.5,85.9
2025-08-24,10.78,7.2,7.5,11.2,73.87
2025-08-25,22.41,9.15,54.6,47.8,76.89
2025-08-26,24.41,10.56,15.3,65.6,89.18
2025-08-27,29.09,12.52,10.9,53.6,116.89
2025-08-28,35.38,14.32,7.7,24.6,100.24
2025-08-29,23.11,12.36,10.0,34.3,83.95
2025-08-30,14.15,9.4,6.8,31.6,85.69
2025-08-31,13.28,9.12,8.2,55.0,82.58
2025-09-01,20.71,12.34,7.5,53.2,108.41
2025-09-02,22.7,12.06,24.9,57.1,76.0
2025-09-03,14.84,10.09,24.4,52.3,81.63
2025-09-04,18.74,9.84,7.4,49.9,78.77
2025-09-05,24.73,9.94,7.0,34.8,69.44
2025-09-06,12.27,8.43,5.0,33.4,58.35
2025-09-07,12.35,9.02,8.7,37.8,64.58
2025-09-08,18.44,12.1,7.9,27.0,64.75
2025-09-09,23.5,14.84,8.4,60.3,86.09
2025-09-10,24.26,14.86,7.8,21.2,84.86
2025-09-11,16.27,10.33,11.5,53.5,72.84
2025-09-12,16.58,8.31,9.8,33.4,52.96
2025-09-13,12.98,9.01,5.2,21.9,46.65
2025-09-14,15.8,11.62,6.9,16.1,40.09
2025-09-15,13.15,7.62,9.2,17.9,38.57
2025-09-16,19.51,8.36,7.5,23.4,56.05
2025-09-17,19.8,10.22,5.3,56.5,47.4
2025-09-18,15.97,9.17,5.1,38.8,40.12
2025-09-19,24.8,11.4,6.3,59.1,53.56
2025-09-20,18.58,10.2,8.2,25.3,64.01
2025-09-21,18.36,9.61,10.4,38.6,65.0
2025-09-22,15.06,8.55,8.0,18.7,46.96
2025-09-23,13.2,9.23,18.7,30.3,54.8
2025-09-24,15.2,8.58,7.5,16.8,59.92
2025-09-25,17.0,8.23,8.5,42.1,47.87
2025-09-26,16.62,8.76,8.5,10.9,47.59
2025-09-27,19.16,10.76,8.5,35.9,49.5
2025-09-28,21.52,12.27,10.5,17.8,65.57
2025-09-29,17.55,11.16,8.5,32.2,44.7
2025-09-30,18.9,12.85,7.5,23.7,15.8
2025-10-01,22.65,15.41,8.7,31.2,33.6
2025-10-02,24.71333333333333,22.77,9.833333333333332,39.5,63.91
2025-10-03,26.776666666666667,26.37,10.966666666666667,48.4,68.95
2025-10-04,28.84,19.21,12.1,25.7,49.89
2025-10-05,11.31,7.99,10.7,15.9,47.91
2025-10-06,14.17,9.43,38.6,37.2,37.64
2025-10-07,19.16,10.88,23.1,35.3,37.85
2025-10-08,21.03,13.86,8.7,37.2,27.67
2025-10-09,25.61,11.65,9.4,39.5,34.95
2025-10-10,19.44,10.05,7.8,39.7,43.76
2025-10-11,16.32,10.22,7.5,10.0,48.21
2025-10-12,13.23,9.46,7.8,10.1,49.4
2025-10-13,17.72,9.96,8.2,42.5,38.74
2025-10-14,20.4,11.87,6.3,29.1,16.66
2025-10-15,24.15,14.68,5.8,33.5,28.87
2025-10-16,19.6,11.01,8.5,32.7,26.79
2025-10-17,18.84,10.54,29.5,44.0,42.54
2025-10-18,12.82,7.84,7.0,10.5,48.5
2025-10-19,14.86,10.65,6.7,22.8,51.96
2025-10-20,26.29,17.17,10.6,28.1,50.11
2025-10-21,27.25,16.25,15.5,56.9,51.65
2025-10-22,28.05,17.94,11.2,40.2,37.77
2025-10-23,23.07,14.08,12.5,43.9,39.29
2025-10-24,17.53,7.9,13.4,32.9,66.45
2025-10-25,13.67,8.66,11.0,47.9,52.11
2025-10-26,10.81,6.97,11.9,12.5,62.45
2025-10-27,11.78,7.48,10.8,29.4,63.9
2025-10-28,14.31,7.91,11.0,37.7,66.16
2025-10-29,17.22,10.5,67.0,61.5,60.58
2025-10-30,21.46,10.87,12.5,45.1,63.77
2025-10-31,23.1,12.72,10.4,55.7,55.3
2025-11-01,33.96,22.65,35.7,49.3,43.21
2025-11-02,26.75,19.37,8.8,39.7,27.59
2025-11-03,23.14,12.72,6.9,40.1,41.01
2025-11-04,23.57090909090909,22.75,45.9,62.8,38.76090909090909
2025-11-05,24.001818181818184,30.28,47.8,62.0,36.51181818181818
2025-11-06,24.432727272727274,28.17,44.4,71.8,34.26272727272727
2025-11-07,19.8,27.28,46.1,77.9,39.24
2025-11-08,23.43,38.02,51.5,54.0,35.46
2025-11-09,32.86,50.81,32.3,25.9,34.82
2025-11-10,37.93,30.02,31.6,28.5,30.84
2025-11-11,43.39,22.09,28.8,38.9,23.16
2025-11-12,31.26,24.51,40.8,49.6,31.74
2025-11-13,32.075,19.35,39.9,51.6,39.565
2025-11-14,27.88,14.61,11.9,40.5,16.27
2025-11-15,20.49,14.04,8.6,28.1,54.96
2025-11-16,33.77,23.33,22.7,28.2,46.3
2025-11-17,19.76,11.45,11.4,26.5,39.69
2025-11-18,18.68,10.92,10.5,30.5,51.65
2025-11-19,23.65,14.44,14.6,41.7,44.86
2025-11-20,26.11,15.92,15.5,44.3,44.82
2025-11-21,24.6,12.25,10.6,40.6,47.69
2025-11-22,24.95,17.15,9.3,49.9,41.06
2025-11-23,32.68,24.18,14.6,42.6,27.92
2025-11-24,26.41,19.22,26.1,42.8,38.04
2025-11-25,41.58,30.71,14.3,39.7,16.97
2025-11-26,22.15,15.42,11.7,23.6,38.91
2025-11-27,29.0,17.8,10.1,62.3,51.24
2025-11-28,40.46,29.16,11.4,47.1,29.75
2025-11-29,50.11,37.65,11.8,43.1,22.62
2025-11-30,32.94,25.77,10.0,29.1,37.82
2025-12-01,49.45,34.55,32.6,41.1,14.35
2025-12-02,44.14,25.67,6.3,35.4,17.25
2025-12-03,38.83,28.44,7.2,40.4,10.02
2025-12-04,47.35,34.51,10.2,46.8,7.54
2025-12-05,44.98,32.8,10.0,35.9,5.74
2025-12-06,35.43,25.93,10.0,40.6,5.96
2025-12-07,24.08,17.67,10.4,44.3,26.52
2025-12-08,21.9,14.75,11.5,47.4,18.81
2025-12-09,19.13,12.58,26.9,53.0,28.76
2025-12-10,25.47,15.04,12.7,37.4,20.74
2025-12-11,26.73,12.77,10.7,39.4,40.57
2025-12-12,31.91,17.28,9.3,62.6,34.45
2025-12-13,26.64,18.32,5.8,32.1,17.06
2025-12-14,21.56,15.91,6.5,37.9,31.42
2025-12-15,31.17,21.65,7.1,36.1,12.31
2025-12-16,30.41,21.2,8.1,34.2,7.2
2025-12-17,38.65,38.95,26.2,63.9,25.65
2025-12-18,46.89,32.71,8.4,41.8,6.09
2025-12-19,39.1,27.25,8.7,49.1,12.44
2025-12-20,59.63,42.96,7.2,36.8,2.24
2025-12-21,51.05,37.69,10.4,20.7,4.56
2025-12-22,34.57,26.34,16.0,26.2,10.61
2025-12-23,26.32,19.37,12.6,24.0,42.12
2025-12-24,21.55,14.73,7.9,43.2,45.03
2025-12-25,26.61,19.94,5.1,13.3,40.91
2025-12-26,35.59,25.15,18.8,29.4,34.01
2025-12-27,26.88,18.56,10.5,18.5,36.0
2025-12-28,14.12,9.5,7.7,11.9,58.87
2025-12-29,19.15,12.88,12.5,26.0,48.35
2025-12-30,17.15,8.63,11.5,16.4,61.01
2025-12-31,15.87,10.37,12.5,24.6,61.51
2026-01-01,16.32,14.75,17.4,47.7,61.14
2026-01-02,10.85,8.65,20.2,14.2,66.76
2026-01-03,13.63,9.59,19.5,10.7,66.69
2026-01-04,12.83,10.54,15.2,17.7,68.55
2026-01-05,36.24,30.12,11.9,55.6,55.06
2026-01-06,54.17,44.41,15.7,55.0,48.37
2026-01-07,44.8,38.93,14.6,55.4,38.1
2026-01-08,91.66,82.52,16.6,69.7,24.4
2026-01-09,79.79,73.52,21.6,51.5,37.22
2026-01-10,36.25,29.36,18.1,32.8,55.1
2026-01-11,16.94,11.28,13.2,13.0,64.62
2026-01-12,31.35,20.78,14.8,57.3,56.05
2026-01-13,42.78,36.95,14.9,59.3,39.91
2026-01-14,29.9,26.28,14.0,53.2,25.7
2026-01-15,40.28,35.91,11.8,37.9,25.62
2026-01-16,42.24,38.93,14.2,39.3,34.07
2026-01-17,44.0,40.73,11.7,40.6,29.44
2026-01-18,74.19,68.23,14.2,41.8,39.94
2026-01-19,53.17,44.62,12.0,49.3,52.47
2026-01-20,32.66,24.02,11.7,44.0,50.42
2026-01-21,34.23,20.79,21.1,58.6,58.3
2026-01-22,56.93,43.8,19.8,55.2,45.96
2026-01-23,90.61,78.63,18.4,33.9,38.19
2026-01-24,68.36,60.99,15.3,22.2,35.85
2026-01-25,59.09,54.35,17.2,29.8,35.55
2026-01-26,33.66,28.7,20.5,67.1,41.84
2026-01-27,32.46,27.43,15.4,36.8,25.47
2026-01-28,37.86,35.1,19.3,29.7,22.27
2026-01-29,38.22,34.9,19.0,26.2,37.97
2026-01-30,40.98,37.46,17.0,27.0,23.42
2026-01-31,36.48,30.84,14.8,42.9,55.29
2026-02-01,25.82,21.57,14.7,54.3,65.3
2026-02-02,34.1,27.2,19.3,24.0,60.99
2026-02-03,41.13,32.85,17.2,20.1,63.34
2026-02-04,68.85,61.92,18.2,42.2,53.16
2026-02-05,65.86,58.92,20.0,31.2,38.3
2026-02-06,48.67,42.35,20.6,32.7,14.67
2026-02-07,57.41,52.21,14.7,30.1,7.96
2026-02-08,43.24,39.97,12.3,29.1,15.37
2026-02-09,38.08,34.26,14.1,46.5,50.37
2026-02-10,28.685,39.35,16.0,32.7,44.5
2026-02-11,19.29,15.5,16.2,34.8,40.22
2026-02-12,20.15,16.12,24.1,50.9,47.49
2026-02-13,15.9,11.52,22.3,26.9,57.84
2026-02-14,21.0,18.88,11.7,16.6,49.59
2026-02-15,18.34,13.56,9.6,11.7,83.82
2026-02-16,33.44,29.57,13.3,37.5,75.64
2026-02-17,59.82,52.57,11.7,50.6,37.17
2026-02-18,55.12,50.38,9.0,51.1,38.4
2026-02-19,58.1,50.26,10.7,56.3,70.6
2026-02-20,43.26,35.78,9.2,56.9,78.44
2026-02-21,33.57,28.58,6.7,45.1,67.1
2026-02-22,15.87,13.62,8.0,23.9,54.6
2026-02-23,15.32,9.9,12.3,32.5,68.72
2026-02-24,12.06,9.49,12.0,24.5,75.32
2026-02-25,23.57,17.28,11.5,64.8,61.16
2026-02-26,38.17,29.22,9.6,53.6,50.62
2026-02-27,40.34,28.77,10.2,40.4,48.02
2026-02-28,35.12,25.01,12.5,40.4,85.3
2026-03-01,22.11,17.02,11.5,31.4,71.2
2026-03-02,30.68,21.35,22.6,73.7,76.24
2026-03-03,51.08,33.78,8.8,79.7,68.54
2026-03-04,52.38,31.38,8.9,63.1,64.34
2026-03-05,43.87,25.29,7.9,89.7,71.74
2026-03-06,51.48,37.12,8.7,76.6,74.31
2026-03-07,49.4,36.9,11.2,61.4,88.16
2026-03-08,45.1,36.31,10.2,54.9,92.78
2026-03-09,39.95,27.83,10.6,38.0,91.02
2026-03-10,39.86,23.35,10.5,40.2,76.01
2026-03-11,54.65,31.5,9.8,49.1,86.28
2026-03-12,40.38,22.5,8.1,64.0,69.34
2026-03-13,24.86,18.07,11.1,28.8,73.74
2026-03-14,24.17,15.64,11.0,13.3,93.71
2026-03-15,19.45,16.04,10.0,16.0,83.6
2026-03-16,20.56,16.43,11.9,26.7,58.89
2026-03-17,25.12,15.17,7.8,56.3,64.5
2026-03-18,38.41,26.4,8.3,49.2,79.11
2026-03-19,52.41,36.12,7.8,74.4,81.36
2026-03-20,47.51,31.82,14.5,68.2,81.9
2026-03-21,31.66,27.04,10.8,44.2,74.34
2026-03-22,33.35,25.15,13.3,61.6,91.24
2026-03-23,52.96,33.01,26.5,87.6,87.88
2026-03-24,63.94,36.53,10.3,87.4,95.91
2026-03-25,35.35,21.82,29.6,27.7,90.19
2026-03-26,16.62,11.65,6.4,27.8,73.14
2026-03-27,19.19,13.18,15.0,22.2,78.92
2026-03-28,22.77,16.7,4.7,29.8,72.71
2026-03-29,17.73,14.76,4.1,20.8,70.05
2026-03-30,21.1,13.77,11.5,27.9,65.57
2026-03-31,19.04,13.28,6.0,41.3,63.02
2026-04-01,31.475,13.945,7.0,42.57,71.28
